X,Y,Z,throttle,brake,steer,speed,position,lap_time
232.2,-12.08,-323.9,0,0,0,166.83,0,0
231,-12.08,-324.25,0,0,0,166.94,0.001,0
228.86,-12.08,-324.87,0,0,0,167.14,0.002,42
226.58,-12.08,-325.54,0,0,0,167.37,0.003,93
224.44,-12.07,-326.16,0,0,0,167.58,0.004,141
222.16,-12.05,-326.83,0,0,0,167.79,0.005,192
220.01,-12.04,-327.46,0,0,0,167.98,0.006,240
217.73,-12.03,-328.13,0,0,0,168.17,0.007,291
215.57,-12.02,-328.76,0,0,0,168.34,0.008,339
213.28,-12.01,-329.43,0,0,0,168.53,0.009,390
211.13,-12,-330.06,0,0,0,168.71,0.01,438
208.83,-11.98,-330.74,0,0,0,168.7,0.011,489
206.68,-11.97,-331.37,0,0,0,168.56,0.012,537
204.38,-11.95,-332.04,0,0,0,168.42,0.013,588
202.23,-11.94,-332.67,0,0,0,168.28,0.014,636
199.94,-11.92,-333.34,0,0,0,168.14,0.015,687
196.32,-11.88,-334.41,0,0,0,167.79,0.016,768
195.51,-11.88,-334.64,0,0,0,167.83,0.017,786
193.1,-11.85,-335.35,0,0,0,168,0.018,840
191.08,-11.82,-335.95,0,0,0,168.15,0.019,885
188.93,-11.8,-336.58,0,0,0,168.3,0.02,933
186.64,-11.77,-337.25,0,0,0,168.46,0.021,984
184.48,-11.74,-337.88,0,0,0,168.62,0.022,1032
182.19,-11.7,-338.55,0,0,0,168.77,0.023,1083
180.03,-11.67,-339.19,0,0,0,168.93,0.024,1131
177.73,-11.63,-339.86,0,0,0,169.08,0.025,1182
175.56,-11.59,-340.49,0,0,0,169.22,0.026,1230
173.26,-11.56,-341.16,0,0,0,169.38,0.027,1281
171.09,-11.52,-341.8,0,0,0,169.52,0.028,1329
168.79,-11.48,-342.47,0,0,0,169.68,0.029,1380
166.61,-11.44,-343.11,0,0,0,169.83,0.03,1428
164.3,-11.4,-343.78,0,0,0,169.99,0.031,1479
162.26,-11.36,-344.37,0,0,0,170.12,0.032,1524
159.81,-11.31,-345.09,0,0,0,170.28,0.033,1578
157.77,-11.26,-345.68,0,0,0,170.41,0.034,1623
155.58,-11.22,-346.32,0,0,0,170.55,0.035,1671
153.26,-11.16,-346.99,0,0,0,170.69,0.036,1722
151.08,-11.1,-347.63,0,0,0,170.82,0.037,1770
148.75,-11.05,-348.3,0,0,0,170.97,0.038,1821
146.7,-10.99,-348.9,0,0,0,171.08,0.039,1866
144.23,-10.93,-349.62,0,0,0,171.23,0.04,1920
142.18,-10.87,-350.21,0,0,0,171.34,0.041,1965
139.98,-10.8,-350.85,0,0,0,171.47,0.042,2013
137.65,-10.73,-351.53,0,0,0,171.6,0.043,2064
135.46,-10.66,-352.17,0,0,0,171.72,0.044,2112
133.12,-10.59,-352.85,0,0,0,171.85,0.045,2163
131.06,-10.53,-353.45,0,0,0,171.94,0.046,2208
128.86,-10.45,-354.1,0,0,0,172.08,0.047,2256
126.52,-10.38,-354.79,0,0,0,172.2,0.048,2307
124.46,-10.31,-355.4,0,0,0,172.31,0.049,2352
122.26,-10.24,-356.05,0,0,0,172.41,0.05,2400
119.92,-10.17,-356.75,0,0,0,172.55,0.051,2451
117.72,-10.09,-357.41,0,0,0,172.65,0.052,2499
115.38,-10.01,-358.12,0,0,0,172.79,0.053,2550
113.31,-9.93,-358.74,0,0,0,172.88,0.054,2595
111.11,-9.84,-359.42,0,0,0,172.98,0.055,2643
108.91,-9.76,-360.09,0,0,0,173.08,0.056,2691
106.71,-9.67,-360.78,0,0,0,173.18,0.057,2739
104.37,-9.57,-361.51,0,0,0,173.28,0.058,2790
102.3,-9.49,-362.16,0,0,0,173.37,0.059,2835
100.1,-9.39,-362.85,0,0,0,173.47,0.06,2883
97.76,-9.28,-363.6,0,0,0,173.56,0.061,2934
95.7,-9.19,-364.25,0,0,0,173.66,0.062,2979
93.49,-9.09,-364.96,0,0,0,173.73,0.063,3027
91.16,-8.97,-365.72,0,0,0,173.84,0.064,3078
89.09,-8.87,-366.38,0,0,0,173.92,0.065,3123
86.89,-8.77,-367.1,0,0,0,173.99,0.066,3171
84.55,-8.64,-367.86,0,0,0,174.07,0.067,3222
82.48,-8.54,-368.54,0,0,0,174.19,0.068,3267
80.27,-8.41,-369.26,0,0,0,174.25,0.069,3315
77.92,-8.29,-370.03,0,0,0,174.35,0.07,3366
75.87,-8.17,-370.75,0,0,0,174.41,0.071,3411
73.66,-8.05,-371.45,0,0,0,174.48,0.072,3459
71.31,-7.91,-372.22,0,0,0,174.57,0.073,3510
69.23,-7.79,-372.89,0,0,0,174.63,0.074,3555
67.03,-7.65,-373.62,0,0,0,174.71,0.075,3603
64.67,-7.51,-374.38,0,0,0,174.76,0.076,3654
62.6,-7.38,-375.06,0,0,0,174.82,0.077,3699
60.38,-7.25,-375.78,0,0,0,174.88,0.078,3747
58.03,-7.09,-376.55,0,0,0,174.93,0.079,3798
55.94,-6.96,-377.21,0,0,0,174.97,0.08,3843
53.87,-6.81,-377.88,0,0,0,175.01,0.081,3888
51.65,-6.68,-378.59,0,0,0,175.03,0.082,3936
49.29,-6.5,-379.34,0,0,0,175.07,0.083,3987
47.2,-6.38,-380.01,0,0,0,175.07,0.084,4032
44.98,-6.21,-380.71,0,0,0,175.1,0.085,4080
42.61,-6.06,-381.45,0,0,0,175.12,0.086,4131
40.53,-5.9,-382.1,0,0,0,175.18,0.087,4176
38.45,-5.77,-382.74,0,0,0,175.2,0.088,4221
36.22,-5.61,-383.43,0,0,0,175.25,0.089,4269
33.85,-5.44,-384.16,0,0,0,175.33,0.09,4320
31.76,-5.29,-384.8,0,0,0,175.36,0.091,4365
29.53,-5.13,-385.48,0,0,0,174.55,0.092,4413
27.18,-4.96,-386.2,0,0,0,172.56,0.093,4464
25.14,-4.8,-386.82,0,0,0,170.44,0.094,4509
22.72,-4.61,-387.55,0,0,0,167.83,0.095,4563
20.72,-4.45,-388.14,0,0,0,165.66,0.096,4608
18.37,-4.27,-388.85,0,0,0,163.12,0.097,4662
16.3,-4.11,-389.46,0,0,0,161,0.098,4710
14.01,-3.93,-390.14,0,0,0,158.56,0.099,4764
11.88,-3.77,-390.77,0,0,0,156.28,0.1,4815
9.65,-3.6,-391.43,0,0,0,154.19,0.101,4869
7.45,-3.43,-392.07,0,0,0,151.86,0.102,4923
5.17,-3.24,-392.74,0,0,0,149.26,0.103,4980
2.8,-3.05,-393.42,0,0,0,146.43,0.104,5040
0.71,-2.88,-394.01,0,0,0,144.07,0.105,5094
-1.46,-2.71,-394.63,0,0,0,141.76,0.106,5151
-3.71,-2.53,-395.26,0,0,0,139.16,0.107,5211
-6.02,-2.34,-395.9,0,0,0,136.47,0.108,5274
-8.3,-2.15,-396.52,0,0,0,133.58,0.109,5337
-10.53,-1.96,-397.12,0,0,0,130.78,0.11,5400
-12.72,-1.77,-397.69,0,0,0,128.16,0.111,5463
-14.86,-1.57,-398.21,0,0,0,126.65,0.112,5526
-17.15,-1.39,-398.75,0,0,0,124.88,0.113,5592
-19.46,-1.18,-399.26,0,0,0,123.04,0.114,5661
-21.88,-0.99,-399.74,0,0,0,121.27,0.115,5733
-24.05,-0.81,-400.14,0,0,0,119.53,0.116,5799
-26.4,-0.62,-400.54,0,0,0,117.64,0.117,5871
-28.72,-0.43,-400.87,0,0,0,115.7,0.118,5943
-31,-0.25,-401.17,0,0,0,113.73,0.119,6015
-33.44,-0.06,-401.43,0,0,0,111.53,0.12,6093
-35.74,0.13,-401.62,0,0,0,109.4,0.121,6168
-38.1,0.31,-401.76,0,0,0,107.17,0.122,6246
-40.5,0.49,-401.85,0,0,0,105.05,0.123,6327
-42.86,0.67,-401.86,0,0,0,103.19,0.124,6408
-45.19,0.84,-401.81,0,0,0,101.58,0.125,6489
-47.47,1.01,-401.68,0,0,0,100.16,0.126,6570
-49.72,1.17,-401.49,0,0,0,98.84,0.127,6651
-52.01,1.33,-401.23,0,0,0,97.56,0.128,6735
-54.34,1.49,-400.89,0,0,0,96.26,0.129,6822
-56.71,1.65,-400.46,0,0,0,95.18,0.13,6912
-58.89,1.8,-399.98,0,0,0,94.65,0.131,6996
-61.12,1.97,-399.39,0,0,0,94.16,0.132,7083
-63.38,2.15,-398.7,0,0,0,93.55,0.133,7173
-65.59,2.34,-397.9,0,0,0,92.97,0.134,7263
-67.76,2.55,-397.06,0,0,0,92.09,0.135,7353
-69.86,2.76,-396.08,0,0,0,91.57,0.136,7443
-71.92,2.98,-395.08,0,0,0,91.02,0.137,7533
-73.94,3.21,-394.03,0,0,0,90.84,0.138,7623
-75.91,3.42,-392.92,0,0,0,90.65,0.139,7713
-77.84,3.62,-391.75,0,0,0,90.42,0.14,7803
-79.74,3.81,-390.53,0,0,0,90.32,0.141,7893
-81.61,3.98,-389.25,0,0,0,90.28,0.142,7983
-83.44,4.14,-387.91,0,0,0,90.4,0.143,8073
-85.24,4.3,-386.51,0,0,0,90.5,0.144,8163
-87.01,4.44,-385.05,0,0,0,90.6,0.145,8253
-88.72,4.58,-383.53,0,0,0,90.65,0.146,8343
-90.38,4.71,-381.96,0,0,0,90.72,0.147,8433
-91.98,4.83,-380.33,0,0,0,90.97,0.148,8523
-93.55,4.93,-378.64,0,0,0,91.28,0.149,8613
-95.07,5.04,-376.9,0,0,0,91.53,0.15,8703
-96.55,5.14,-375.12,0,0,0,91.64,0.151,8793
-97.98,5.25,-373.32,0,0,0,91.92,0.152,8883
-99.36,5.34,-371.47,0,0,0,92.21,0.153,8973
-100.76,5.42,-369.55,0,0,0,92.71,0.154,9066
-102.07,5.5,-367.73,0,0,0,93.39,0.155,9153
-103.41,5.58,-365.83,0,0,0,93.99,0.156,9243
-104.75,5.67,-363.9,0,0,0,94.62,0.157,9333
-106.11,5.74,-361.97,0,0,0,95.22,0.158,9423
-107.39,5.81,-360.15,0,0,0,95.79,0.159,9507
-108.73,5.88,-358.25,0,0,0,96.4,0.16,9594
-110.12,5.96,-356.27,0,0,0,97.03,0.161,9684
-111.42,6.02,-354.4,0,0,0,97.62,0.162,9768
-112.78,6.09,-352.46,0,0,0,98.23,0.163,9855
-114.04,6.14,-350.64,0,0,0,98.79,0.164,9936
-115.35,6.19,-348.73,0,0,0,99.4,0.165,10020
-116.72,6.24,-346.75,0,0,0,100.04,0.166,10107
-118,6.28,-344.9,0,0,0,100.64,0.167,10188
-119.29,6.31,-343.03,0,0,0,101.24,0.168,10269
-120.59,6.35,-341.15,0,0,0,101.84,0.169,10350
-121.89,6.4,-339.27,0,0,0,102.42,0.17,10431
-123.28,6.42,-337.31,0,0,0,103.06,0.171,10515
-124.56,6.45,-335.48,0,0,0,103.45,0.172,10593
-125.9,6.48,-333.57,0,0,0,103.95,0.173,10674
-127.25,6.5,-331.65,0,0,0,104.31,0.174,10755
-128.55,6.53,-329.8,0,0,0,104.64,0.175,10833
-129.91,6.56,-327.87,0,0,0,104.99,0.176,10914
-131.27,6.57,-325.94,0,0,0,105.33,0.177,10995
-132.53,6.58,-324.14,0,0,0,105.64,0.178,11070
-133.85,6.6,-322.26,0,0,0,105.99,0.179,11148
-135.22,6.61,-320.3,0,0,0,106.35,0.18,11229
-136.59,6.62,-318.34,0,0,0,106.7,0.181,11310
-137.87,6.64,-316.51,0,0,0,107.02,0.182,11385
-139.2,6.66,-314.61,0,0,0,107.47,0.183,11463
-140.59,6.67,-312.63,0,0,0,108.04,0.184,11544
-141.84,6.69,-310.86,0,0,0,108.59,0.185,11616
-143.25,6.7,-308.86,0,0,0,109.21,0.186,11697
-144.52,6.71,-307.07,0,0,0,109.77,0.187,11769
-145.84,6.71,-305.2,0,0,0,110.35,0.188,11844
-147.23,6.71,-303.25,0,0,0,110.95,0.189,11922
-148.57,6.71,-301.36,0,0,0,111.55,0.19,11997
-149.98,6.71,-299.39,0,0,0,112.16,0.191,12075
-151.29,6.71,-297.56,0,0,0,112.73,0.192,12147
-152.6,6.71,-295.72,0,0,0,113.28,0.193,12219
-153.93,6.71,-293.88,0,0,0,113.85,0.194,12291
-155.32,6.71,-291.95,0,0,0,114.43,0.195,12366
-156.66,6.71,-290.09,0,0,0,114.99,0.196,12438
-158.01,6.71,-288.22,0,0,0,115.54,0.197,12510
-159.37,6.7,-286.35,0,0,0,116.09,0.198,12582
-160.74,6.7,-284.46,0,0,0,116.68,0.199,12654
-162.12,6.69,-282.58,0,0,0,117.22,0.2,12726
-163.44,6.69,-280.76,0,0,0,117.79,0.201,12795
-164.84,6.67,-278.85,0,0,0,118.31,0.202,12867
-166.24,6.66,-276.94,0,0,0,118.91,0.203,12939
-167.65,6.65,-275.02,0,0,0,119.48,0.204,13011
-168.95,6.63,-273.25,0,0,0,119.98,0.205,13077
-170.32,6.61,-271.4,0,0,0,120.54,0.206,13146
-171.75,6.59,-269.46,0,0,0,121.1,0.207,13218
-173.08,6.58,-267.66,0,0,0,121.63,0.208,13284
-174.46,6.56,-265.78,0,0,0,122.17,0.209,13353
-175.92,6.53,-263.81,0,0,0,122.72,0.21,13425
-177.19,6.51,-262.08,0,0,0,123.21,0.211,13488
-178.66,6.48,-260.1,0,0,0,123.77,0.212,13560
-179.95,6.46,-258.35,0,0,0,124.26,0.213,13623
-181.31,6.43,-256.51,0,0,0,124.77,0.214,13689
-182.73,6.41,-254.59,0,0,0,125.3,0.215,13758
-184.1,6.38,-252.74,0,0,0,125.8,0.216,13824
-185.54,6.36,-250.8,0,0,0,126.3,0.217,13893
-186.86,6.34,-249.03,0,0,0,126.79,0.218,13956
-188.25,6.32,-247.16,0,0,0,127.28,0.219,14022
-189.71,6.29,-245.2,0,0,0,127.79,0.22,14091
-191.06,6.27,-243.4,0,0,0,128.26,0.221,14154
-192.4,6.24,-241.6,0,0,0,128.72,0.222,14217
-193.82,6.22,-239.71,0,0,0,129.21,0.223,14283
-195.17,6.2,-237.9,0,0,0,129.67,0.224,14346
-196.54,6.17,-236.07,0,0,0,130.11,0.225,14409
-198.03,6.15,-234.07,0,0,0,130.59,0.226,14478
-199.4,6.12,-232.24,0,0,0,131.04,0.227,14541
-200.78,6.1,-230.4,0,0,0,131.47,0.228,14604
-202.15,6.08,-228.55,0,0,0,131.9,0.229,14667
-203.54,6.07,-226.69,0,0,0,132.31,0.23,14730
-204.92,6.05,-224.83,0,0,0,132.53,0.231,14793
-206.3,6.04,-222.97,0,0,0,132.43,0.232,14856
-207.69,6.03,-221.11,0,0,0,132.33,0.233,14919
-209.07,6.02,-219.26,0,0,0,132.22,0.234,14982
-210.45,6.02,-217.4,0,0,0,132.15,0.235,15045
-211.83,6.02,-215.54,0,0,0,132.19,0.236,15108
-213.21,6.01,-213.68,0,0,0,132.55,0.237,15171
-214.59,6.01,-211.82,0,0,0,132.89,0.238,15234
-215.98,6.01,-209.95,0,0,0,133.26,0.239,15297
-217.38,6.01,-208.07,0,0,0,133.61,0.24,15360
-218.77,6.01,-206.2,0,0,0,133.97,0.241,15423
-220.17,6.01,-204.31,0,0,0,134.33,0.242,15486
-221.45,6.01,-202.6,0,0,0,134.63,0.243,15543
-222.85,6.02,-200.71,0,0,0,134.99,0.244,15606
-224.26,6.02,-198.8,0,0,0,135.32,0.245,15669
-225.6,6.03,-196.98,0,0,0,135.65,0.246,15729
-227,6.03,-195.06,0,0,0,135.99,0.247,15792
-228.4,6.04,-193.12,0,0,0,136.33,0.248,15855
-229.67,6.05,-191.37,0,0,0,136.64,0.249,15912
-231.07,6.07,-189.42,0,0,0,136.97,0.25,15975
-232.39,6.08,-187.55,0,0,0,137.27,0.251,16035
-233.78,6.1,-185.59,0,0,0,137.61,0.252,16098
-235.04,6.12,-183.8,0,0,0,137.89,0.253,16155
-236.42,6.13,-181.82,0,0,0,138.23,0.254,16218
-237.74,6.15,-179.92,0,0,0,138.53,0.255,16278
-239.12,6.18,-177.93,0,0,0,138.87,0.256,16341
-240.37,6.2,-176.11,0,0,0,139.16,0.257,16398
-241.68,6.22,-174.2,0,0,0,139.48,0.258,16458
-243.06,6.25,-172.17,0,0,0,139.79,0.259,16521
-244.3,6.27,-170.34,0,0,0,140.08,0.26,16578
-245.61,6.3,-168.39,0,0,0,140.37,0.261,16638
-246.84,6.32,-166.54,0,0,0,140.66,0.262,16695
-248.13,6.34,-164.57,0,0,0,140.93,0.263,16755
-249.47,6.37,-162.49,0,0,0,141.23,0.264,16818
-250.62,6.4,-160.7,0,0,0,141.49,0.265,16872
-251.94,6.43,-158.59,0,0,0,141.77,0.266,16935
-253.13,6.46,-156.68,0,0,0,142.03,0.267,16992
-254.37,6.5,-154.65,0,0,0,142.29,0.268,17052
-255.53,6.53,-152.71,0,0,0,142.53,0.269,17109
-256.74,6.57,-150.66,0,0,0,142.78,0.27,17169
-257.87,6.61,-148.69,0,0,0,143,0.271,17226
-259.05,6.65,-146.6,0,0,0,143.23,0.272,17286
-260.14,6.69,-144.61,0,0,0,143.42,0.273,17343
-261.27,6.73,-142.49,0,0,0,143.45,0.274,17403
-262.27,6.77,-140.58,0,0,0,142.05,0.275,17457
-263.4,6.81,-138.38,0,0,0,139.69,0.276,17520
-264.39,6.85,-136.42,0,0,0,137.42,0.277,17577
-265.45,6.9,-134.28,0,0,0,134.74,0.278,17640
-266.42,6.94,-132.27,0,0,0,132.17,0.279,17700
-267.4,6.98,-130.2,0,0,0,129.52,0.28,17763
-268.39,7.03,-128.06,0,0,0,126.94,0.281,17829
-269.37,7.08,-125.85,0,0,0,124.31,0.282,17898
-270.23,7.12,-123.86,0,0,0,121.88,0.283,17961
-271.09,7.17,-121.81,0,0,0,119.38,0.284,18027
-271.97,7.22,-119.6,0,0,0,116.68,0.285,18099
-272.76,7.26,-117.53,0,0,0,114.22,0.286,18168
-273.54,7.3,-115.4,0,0,0,111.7,0.287,18240
-274.3,7.35,-113.22,0,0,0,108.95,0.288,18315
-275.04,7.39,-110.99,0,0,0,106.27,0.289,18393
-275.73,7.42,-108.81,0,0,0,103.77,0.29,18471
-276.38,7.46,-106.58,0,0,0,101.16,0.291,18552
-276.96,7.5,-104.4,0,0,0,98.52,0.292,18633
-277.5,7.54,-102.18,0,0,0,96.08,0.293,18717
-277.97,7.57,-99.91,0,0,0,93.92,0.294,18804
-278.37,7.61,-97.6,0,0,0,91.86,0.295,18894
-278.68,7.64,-95.32,0,0,0,89.98,0.296,18984
-278.9,7.67,-92.99,0,0,0,88.4,0.297,19077
-279.04,7.7,-90.63,0,0,0,87.03,0.298,19173
-279.09,7.72,-88.38,0,0,0,85.82,0.299,19266
-279.04,7.74,-86.07,0,0,0,85.1,0.3,19362
-278.87,7.76,-83.71,0,0,0,84.91,0.301,19461
-278.6,7.78,-81.37,0,0,0,85.02,0.302,19560
-278.26,7.8,-79.17,0,0,0,85.13,0.303,19653
-277.8,7.82,-76.92,0,0,0,85.28,0.304,19749
-277.24,7.84,-74.62,0,0,0,85.34,0.305,19848
-276.62,7.87,-72.48,0,0,0,85.26,0.306,19941
-275.87,7.89,-70.24,0,0,0,84.89,0.307,20040
-275.05,7.91,-68.11,0,0,0,84.43,0.308,20136
-274.11,7.93,-65.95,0,0,0,83.87,0.309,20235
-273.09,7.94,-63.86,0,0,0,82.83,0.31,20334
-272.07,7.95,-61.96,0,0,0,81.75,0.311,20427
-270.9,7.95,-60.02,0,0,0,80.61,0.312,20526
-269.59,7.94,-58.05,0,0,0,79.55,0.313,20631
-268.28,7.92,-56.26,0,0,0,79.47,0.314,20730
-266.88,7.9,-54.53,0,0,0,80.04,0.315,20829
-265.39,7.87,-52.85,0,0,0,80.74,0.316,20928
-263.84,7.83,-51.21,0,0,0,81.56,0.317,21027
-262.21,7.78,-49.61,0,0,0,82.49,0.318,21126
-260.61,7.72,-48.15,0,0,0,83.33,0.319,21219
-258.9,7.65,-46.69,0,0,0,84.07,0.32,21315
-257.18,7.56,-45.31,0,0,0,84.92,0.321,21408
-255.45,7.48,-44.03,0,0,0,85.69,0.322,21498
-253.65,7.4,-42.8,0,0,0,86.19,0.323,21588
-251.86,7.34,-41.68,0,0,0,86.32,0.324,21675
-249.95,7.28,-40.61,0,0,0,86.3,0.325,21765
-248,7.22,-39.63,0,0,0,86.41,0.326,21855
-246.03,7.15,-38.7,0,0,0,86.8,0.327,21945
-244.04,7.06,-37.8,0,0,0,87.19,0.328,22035
-242.01,6.96,-36.96,0,0,0,87.29,0.329,22125
-239.95,6.85,-36.17,0,0,0,86.85,0.33,22215
-237.9,6.74,-35.45,0,0,0,86.01,0.331,22305
-235.76,6.63,-34.8,0,0,0,85,0.332,22398
-233.54,6.51,-34.24,0,0,0,83.94,0.333,22494
-231.4,6.39,-33.79,0,0,0,82.93,0.334,22587
-229.13,6.26,-33.42,0,0,0,81.89,0.335,22686
-226.74,6.1,-33.13,0,0,0,80.82,0.336,22791
-224.5,5.94,-32.96,0,0,0,80.52,0.337,22890
-222.19,5.77,-32.88,0,0,0,80.89,0.338,22992
-219.8,5.58,-32.91,0,0,0,81.36,0.339,23097
-217.54,5.4,-33.04,0,0,0,81.79,0.34,23196
-215.21,5.19,-33.26,0,0,0,82.29,0.341,23298
-212.8,4.98,-33.6,0,0,0,83.01,0.342,23403
-210.53,4.78,-34.04,0,0,0,83.75,0.343,23502
-208.26,4.57,-34.59,0,0,0,84.49,0.344,23601
-205.99,4.36,-35.23,0,0,0,85.14,0.345,23700
-203.88,4.17,-35.94,0,0,0,85.85,0.346,23793
-201.71,3.99,-36.77,0,0,0,86.66,0.347,23889
-199.49,3.81,-37.74,0,0,0,87.51,0.348,23988
-197.49,3.66,-38.72,0,0,0,88.31,0.349,24078
-195.33,3.5,-39.89,0,0,0,89.16,0.35,24177
-193.38,3.37,-41.04,0,0,0,89.96,0.351,24267
-191.46,3.23,-42.26,0,0,0,90.83,0.352,24357
-189.57,3.11,-43.54,0,0,0,90.84,0.353,24447
-187.66,2.98,-44.91,0,0,0,90.74,0.354,24540
-185.85,2.84,-46.3,0,0,0,90.71,0.355,24630
-184.07,2.72,-47.74,0,0,0,91.46,0.356,24720
-182.31,2.59,-49.23,0,0,0,92.28,0.357,24810
-180.61,2.47,-50.72,0,0,0,93.01,0.358,24897
-178.88,2.34,-52.31,0,0,0,93.83,0.359,24987
-177.28,2.22,-53.83,0,0,0,94.58,0.36,25071
-175.64,2.1,-55.45,0,0,0,95.36,0.361,25158
-173.96,1.98,-57.16,0,0,0,96.19,0.362,25248
-172.44,1.87,-58.71,0,0,0,96.97,0.363,25329
-170.85,1.76,-60.31,0,0,0,97.74,0.364,25413
-169.17,1.65,-61.96,0,0,0,98.52,0.365,25500
-167.5,1.54,-63.52,0,0,0,99.2,0.366,25584
-165.74,1.44,-65.12,0,0,0,99.88,0.367,25671
-163.98,1.33,-66.63,0,0,0,100.51,0.368,25755
-162.12,1.23,-68.15,0,0,0,101.14,0.369,25842
-160.33,1.13,-69.53,0,0,0,101.69,0.37,25923
-158.5,1.03,-70.88,0,0,0,102.27,0.371,26004
-156.55,0.93,-72.23,0,0,0,102.84,0.372,26088
-154.63,0.84,-73.49,0,0,0,103.4,0.373,26169
-152.67,0.75,-74.71,0,0,0,103.94,0.374,26250
-150.59,0.66,-75.93,0,0,0,104.49,0.375,26334
-148.54,0.58,-77.05,0,0,0,105.01,0.376,26415
-146.61,0.51,-78.05,0,0,0,105.49,0.377,26490
-144.49,0.43,-79.07,0,0,0,106,0.378,26571
-142.41,0.35,-80.02,0,0,0,106.5,0.379,26649
-140.22,0.28,-80.94,0,0,0,107,0.38,26730
-138.16,0.22,-81.75,0,0,0,107.46,0.381,26805
-135.99,0.15,-82.55,0,0,0,107.91,0.382,26883
-133.7,0.09,-83.31,0,0,0,108.36,0.383,26964
-131.64,0.04,-83.94,0,0,0,108.75,0.384,27036
-129.3,-0.02,-84.59,0,0,0,109.19,0.385,27117
-127.2,-0.06,-85.12,0,0,0,109.59,0.386,27189
-124.98,-0.1,-85.61,0,0,0,110.06,0.387,27264
-122.66,-0.14,-86.08,0,0,0,110.5,0.388,27342
-120.5,-0.16,-86.49,0,0,0,110.92,0.389,27414
-118.23,-0.2,-86.84,0,0,0,111.32,0.39,27489
-115.85,-0.23,-87.16,0,0,0,111.7,0.391,27567
-113.65,-0.25,-87.4,0,0,0,112.05,0.392,27639
-111.43,-0.27,-87.59,0,0,0,112.36,0.393,27711
-109.21,-0.29,-87.73,0,0,0,112.64,0.394,27783
-106.88,-0.31,-87.83,0,0,0,112.9,0.395,27858
-104.64,-0.32,-87.87,0,0,0,113.12,0.396,27930
-102.4,-0.33,-87.85,0,0,0,113.32,0.397,28002
-100.15,-0.34,-87.79,0,0,0,113.5,0.398,28074
-97.9,-0.34,-87.67,0,0,0,113.66,0.399,28146
-95.47,-0.35,-87.48,0,0,0,113.88,0.4,28224
-93.22,-0.35,-87.24,0,0,0,113.89,0.401,28296
-90.98,-0.35,-86.97,0,0,0,114.13,0.402,28368
-88.75,-0.35,-86.64,0,0,0,114.23,0.403,28440
-86.51,-0.33,-86.27,0,0,0,114.31,0.404,28512
-84.28,-0.3,-85.83,0,0,0,114.4,0.405,28584
-82.07,-0.28,-85.33,0,0,0,114.44,0.406,28656
-79.87,-0.25,-84.77,0,0,0,114.55,0.407,28728
-77.67,-0.22,-84.17,0,0,0,114.7,0.408,28800
-75.49,-0.19,-83.5,0,0,0,114.88,0.409,28872
-73.32,-0.16,-82.79,0,0,0,115.05,0.41,28944
-71.17,-0.13,-82.03,0,0,0,115.2,0.411,29016
-69.03,-0.08,-81.21,0,0,0,115.33,0.412,29088
-66.91,-0.03,-80.34,0,0,0,115.46,0.413,29160
-64.82,0.03,-79.41,0,0,0,115.58,0.414,29232
-62.75,0.08,-78.43,0,0,0,115.7,0.415,29304
-60.7,0.15,-77.39,0,0,0,115.84,0.416,29376
-58.67,0.21,-76.31,0,0,0,115.98,0.417,29448
-56.66,0.27,-75.18,0,0,0,116.13,0.418,29520
-54.68,0.34,-74.01,0,0,0,116.29,0.419,29592
-52.73,0.4,-72.78,0,0,0,116.43,0.42,29664
-50.8,0.47,-71.52,0,0,0,116.55,0.421,29736
-48.9,0.54,-70.2,0,0,0,116.67,0.422,29808
-47.03,0.61,-68.84,0,0,0,116.8,0.423,29880
-45.18,0.68,-67.44,0,0,0,116.93,0.424,29952
-43.36,0.74,-66,0,0,0,117.12,0.425,30024
-41.57,0.8,-64.51,0,0,0,117.31,0.426,30096
-39.81,0.86,-62.99,0,0,0,117.54,0.427,30168
-38.22,0.92,-61.56,0,0,0,117.76,0.428,30234
-36.51,0.98,-59.96,0,0,0,118,0.429,30306
-34.83,1.03,-58.32,0,0,0,118.25,0.43,30378
-33.25,1.08,-56.72,0,0,0,118.51,0.431,30447
-31.62,1.13,-55.01,0,0,0,118.81,0.432,30519
-30.02,1.18,-53.27,0,0,0,119.16,0.433,30591
-28.44,1.23,-51.49,0,0,0,119.52,0.434,30663
-27,1.28,-49.84,0,0,0,119.86,0.435,30729
-25.52,1.32,-48.08,0,0,0,120.2,0.436,30798
-23.99,1.37,-46.22,0,0,0,120.68,0.437,30870
-22.58,1.42,-44.51,0,0,0,121.11,0.438,30936
-21.09,1.47,-42.71,0,0,0,121.51,0.439,31005
-19.51,1.52,-40.83,0,0,0,122,0.44,31077
-18.05,1.56,-39.11,0,0,0,122.37,0.441,31143
-16.5,1.61,-37.33,0,0,0,122.73,0.442,31212
-14.99,1.66,-35.64,0,0,0,123.09,0.443,31278
-13.38,1.71,-33.89,0,0,0,123.42,0.444,31347
-11.82,1.75,-32.23,0,0,0,123.73,0.445,31413
-10.16,1.8,-30.52,0,0,0,124.1,0.446,31482
-8.55,1.84,-28.89,0,0,0,124.39,0.447,31548
-6.84,1.88,-27.21,0,0,0,124.75,0.448,31617
-5.19,1.92,-25.62,0,0,0,125.12,0.449,31683
-3.43,1.96,-23.98,0,0,0,125.51,0.45,31752
-1.8,2,-22.49,0,0,0,125.83,0.451,31815
-0.07,2.04,-20.95,0,0,0,126.22,0.452,31881
1.76,2.07,-19.35,0,0,0,126.59,0.453,31950
3.45,2.1,-17.9,0,0,0,126.96,0.454,32013
5.24,2.13,-16.4,0,0,0,127.37,0.455,32079
7.14,2.17,-14.85,0,0,0,127.75,0.456,32148
8.89,2.2,-13.44,0,0,0,128.09,0.457,32211
10.75,2.23,-11.99,0,0,0,128.45,0.458,32277
12.55,2.25,-10.62,0,0,0,128.79,0.459,32340
14.54,2.28,-9.14,0,0,0,129.09,0.46,32409
16.38,2.31,-7.81,0,0,0,129.46,0.461,32472
18.25,2.33,-6.5,0,0,0,129.7,0.462,32535
20.13,2.35,-5.21,0,0,0,130.05,0.463,32598
22.22,2.37,-3.82,0,0,0,130.37,0.464,32667
24.15,2.39,-2.58,0,0,0,130.64,0.465,32730
26.1,2.41,-1.36,0,0,0,130.93,0.466,32793
28.07,2.43,-0.17,0,0,0,130.81,0.467,32856
30.05,2.45,1,0,0,0,130.56,0.468,32919
32.04,2.47,2.13,0,0,0,130.31,0.469,32982
34.04,2.49,3.24,0,0,0,130.08,0.47,33045
36.15,2.5,4.37,0,0,0,129.89,0.471,33111
38.17,2.51,5.42,0,0,0,130.02,0.472,33174
40.21,2.53,6.44,0,0,0,130.28,0.473,33237
42.47,2.54,7.54,0,0,0,130.56,0.474,33306
44.55,2.55,8.52,0,0,0,130.81,0.475,33369
46.64,2.56,9.47,0,0,0,131.08,0.476,33432
48.76,2.57,10.39,0,0,0,131.34,0.477,33495
50.88,2.59,11.29,0,0,0,131.6,0.478,33558
53.02,2.6,12.17,0,0,0,131.86,0.479,33621
55.18,2.61,13.02,0,0,0,132.12,0.48,33684
57.35,2.61,13.85,0,0,0,132.39,0.481,33747
59.53,2.62,14.66,0,0,0,132.66,0.482,33810
61.52,2.63,15.37,0,0,0,132.91,0.483,33867
63.73,2.64,16.13,0,0,0,133.19,0.484,33930
65.95,2.65,16.87,0,0,0,133.45,0.485,33993
68.08,2.66,17.56,0,0,0,133.72,0.486,34053
70.32,2.67,18.25,0,0,0,134.02,0.487,34116
72.58,2.68,18.92,0,0,0,134.29,0.488,34179
74.63,2.69,19.51,0,0,0,134.57,0.489,34236
76.9,2.7,20.15,0,0,0,134.85,0.49,34299
79.08,2.71,20.74,0,0,0,135.16,0.491,34359
81.38,2.72,21.33,0,0,0,135.44,0.492,34422
83.47,2.74,21.86,0,0,0,135.72,0.493,34479
85.67,2.75,22.4,0,0,0,136.01,0.494,34539
87.77,2.77,22.9,0,0,0,136.28,0.495,34596
90,2.8,23.41,0,0,0,136.56,0.496,34656
92.34,2.83,23.92,0,0,0,136.85,0.497,34719
94.47,2.86,24.37,0,0,0,137.11,0.498,34776
96.71,2.89,24.84,0,0,0,137.38,0.499,34836
98.85,2.92,25.26,0,0,0,137.64,0.5,34893
101.11,2.96,25.69,0,0,0,137.91,0.501,34953
103.27,3,26.09,0,0,0,138.17,0.502,35010
105.54,3.04,26.5,0,0,0,138.44,0.503,35070
107.71,3.08,26.87,0,0,0,138.7,0.504,35127
109.99,3.12,27.25,0,0,0,138.97,0.505,35187
112.17,3.16,27.59,0,0,0,139.23,0.506,35244
114.47,3.21,27.95,0,0,0,139.5,0.507,35304
116.66,3.25,28.27,0,0,0,139.76,0.508,35361
118.98,3.3,28.6,0,0,0,140.03,0.509,35421
121.18,3.35,28.9,0,0,0,140.28,0.51,35478
123.5,3.4,29.2,0,0,0,140.55,0.511,35538
125.72,3.46,29.48,0,0,0,140.8,0.512,35595
128.05,3.51,29.76,0,0,0,141.07,0.513,35655
130.28,3.57,30.02,0,0,0,141.32,0.514,35712
132.62,3.63,30.28,0,0,0,141.58,0.515,35772
134.86,3.69,30.51,0,0,0,141.83,0.516,35829
137.21,3.76,30.75,0,0,0,142.09,0.517,35889
139.45,3.83,30.97,0,0,0,142.34,0.518,35946
141.82,3.9,31.2,0,0,0,142.59,0.519,36006
144.07,3.97,31.4,0,0,0,142.83,0.52,36063
146.45,4.04,31.61,0,0,0,143.09,0.521,36123
148.71,4.11,31.8,0,0,0,143.33,0.522,36180
151.09,4.19,31.99,0,0,0,143.59,0.523,36240
153.25,4.26,32.16,0,0,0,143.82,0.524,36294
155.52,4.35,32.32,0,0,0,144.05,0.525,36351
157.92,4.43,32.49,0,0,0,144.3,0.526,36411
160.2,4.51,32.65,0,0,0,144.53,0.527,36468
162.6,4.6,32.81,0,0,0,144.76,0.528,36528
164.77,4.67,32.95,0,0,0,144.99,0.529,36582
167.07,4.76,33.09,0,0,0,145.24,0.53,36639
169.49,4.85,33.23,0,0,0,145.49,0.531,36699
171.67,4.94,33.35,0,0,0,145.72,0.532,36753
173.97,5.03,33.48,0,0,0,145.94,0.533,36810
176.4,5.13,33.61,0,0,0,146.17,0.534,36870
178.59,5.23,33.73,0,0,0,146.38,0.535,36924
180.91,5.34,33.84,0,0,0,146.6,0.536,36981
183.35,5.46,33.96,0,0,0,146.83,0.537,37041
185.55,5.57,34.06,0,0,0,147.02,0.538,37095
187.88,5.67,34.17,0,0,0,147.23,0.539,37152
190.33,5.79,34.28,0,0,0,147.43,0.54,37212
192.54,5.89,34.37,0,0,0,147.65,0.541,37266
194.75,5.99,34.47,0,0,0,147.85,0.542,37320
197.09,6.1,34.57,0,0,0,148.09,0.543,37377
199.55,6.21,34.67,0,0,0,148.3,0.544,37437
201.78,6.32,34.76,0,0,0,148.54,0.545,37491
204,6.43,34.85,0,0,0,148.74,0.546,37545
206.35,6.54,34.94,0,0,0,148.94,0.547,37602
208.59,6.65,35.03,0,0,0,149.14,0.548,37656
211.07,6.77,35.13,0,0,0,149.36,0.549,37716
213.31,6.88,35.21,0,0,0,149.56,0.55,37770
215.55,6.99,35.29,0,0,0,149.75,0.551,37824
217.92,7.11,35.38,0,0,0,149.96,0.552,37881
220.41,7.23,35.47,0,0,0,150.18,0.553,37941
222.66,7.33,35.55,0,0,0,150.37,0.554,37995
224.92,7.44,35.63,0,0,0,150.58,0.555,38049
227.18,7.54,35.7,0,0,0,150.79,0.556,38103
229.56,7.64,35.78,0,0,0,150.99,0.557,38160
231.83,7.74,35.85,0,0,0,151.2,0.558,38214
234.09,7.84,35.93,0,0,0,151.41,0.559,38268
236.62,7.94,36,0,0,0,151.65,0.56,38328
238.89,8.04,36.07,0,0,0,151.87,0.561,38382
241.17,8.14,36.14,0,0,0,152.07,0.562,38436
243.44,8.23,36.21,0,0,0,152.28,0.563,38490
245.73,8.33,36.28,0,0,0,152.5,0.564,38544
248.01,8.42,36.34,0,0,0,152.69,0.565,38598
250.43,8.51,36.42,0,0,0,152.92,0.566,38655
252.72,8.6,36.49,0,0,0,153.12,0.567,38709
255.01,8.69,36.56,0,0,0,153.35,0.568,38763
257.31,8.77,36.63,0,0,0,153.54,0.569,38817
259.61,8.86,36.71,0,0,0,153.76,0.57,38871
261.92,8.94,36.78,0,0,0,153.97,0.571,38925
264.22,9.02,36.86,0,0,0,154.19,0.572,38979
266.79,9.1,36.96,0,0,0,154.42,0.573,39039
269.1,9.18,37.04,0,0,0,154.64,0.574,39093
271.42,9.26,37.13,0,0,0,154.86,0.575,39147
273.48,9.32,37.21,0,0,0,155.05,0.576,39195
275.81,9.4,37.31,0,0,0,155.26,0.577,39249
278.13,9.47,37.4,0,0,0,155.48,0.578,39303
280.46,9.54,37.5,0,0,0,155.69,0.579,39357
282.79,9.62,37.61,0,0,0,155.91,0.58,39411
285.13,9.68,37.71,0,0,0,156.11,0.581,39465
287.47,9.75,37.82,0,0,0,156.32,0.582,39519
289.68,9.81,37.93,0,0,0,156.53,0.583,39570
292.03,9.87,38.04,0,0,0,156.76,0.584,39624
294.38,9.93,38.15,0,0,0,156.98,0.585,39678
296.73,9.99,38.27,0,0,0,157.21,0.586,39732
299.08,10.05,38.39,0,0,0,157.44,0.587,39786
301.44,10.1,38.52,0,0,0,157.64,0.588,39840
303.54,10.15,38.63,0,0,0,157.83,0.589,39888
305.9,10.2,38.75,0,0,0,158.08,0.59,39942
308.14,10.26,38.87,0,0,0,158.28,0.591,39993
310.51,10.32,39.01,0,0,0,158.53,0.592,40047
312.89,10.38,39.14,0,0,0,158.7,0.593,40101
315.26,10.44,39.28,0,0,0,158.93,0.594,40155
317.38,10.49,39.4,0,0,0,159.13,0.595,40203
319.76,10.53,39.54,0,0,0,159.31,0.596,40257
322.01,10.57,39.67,0,0,0,159.54,0.597,40308
324.4,10.6,39.82,0,0,0,159.73,0.598,40362
326.8,10.65,39.96,0,0,0,160,0.599,40416
329.19,10.69,40.11,0,0,0,160.26,0.6,40470
331.33,10.72,40.25,0,0,0,160.47,0.601,40518
333.6,10.76,40.39,0,0,0,160.67,0.602,40569
336,10.79,40.55,0,0,0,160.91,0.603,40623
338.41,10.82,40.7,0,0,0,161.12,0.604,40677
340.69,10.86,40.85,0,0,0,161.32,0.605,40728
342.84,10.89,40.99,0,0,0,161.57,0.606,40776
345.26,10.93,41.14,0,0,0,161.8,0.607,40830
347.55,10.97,41.29,0,0,0,162,0.608,40881
349.97,11,41.45,0,0,0,162.22,0.609,40935
352.13,11.04,41.6,0,0,0,162.4,0.61,40983
354.43,11.07,41.75,0,0,0,162.62,0.611,41034
356.86,11.1,41.91,0,0,0,162.86,0.612,41088
359.03,11.12,42.05,0,0,0,163.05,0.613,41136
361.34,11.15,42.21,0,0,0,163.24,0.614,41187
363.78,11.17,42.37,0,0,0,163.51,0.615,41241
365.96,11.18,42.52,0,0,0,163.69,0.616,41289
368.27,11.21,42.67,0,0,0,163.93,0.617,41340
370.73,11.23,42.84,0,0,0,164.19,0.618,41394
372.91,11.26,42.98,0,0,0,164.37,0.619,41442
375.24,11.27,43.14,0,0,0,164.6,0.62,41493
377.7,11.29,43.3,0,0,0,164.79,0.621,41547
379.9,11.3,43.44,0,0,0,165.01,0.622,41595
382.23,11.31,43.59,0,0,0,165.24,0.623,41646
384.71,11.32,43.75,0,0,0,165.47,0.624,41700
386.78,11.33,43.88,0,0,0,165.66,0.625,41745
389.26,11.33,44.03,0,0,0,165.9,0.626,41799
391.47,11.33,44.16,0,0,0,166.08,0.627,41847
393.82,11.33,44.31,0,0,0,166.29,0.628,41898
396.03,11.34,44.45,0,0,0,166.52,0.629,41946
398.38,11.34,44.6,0,0,0,166.74,0.63,41997
400.88,11.34,44.76,0,0,0,166.94,0.631,42051
402.96,11.35,44.9,0,0,0,167.13,0.632,42096
405.46,11.35,45.07,0,0,0,167.34,0.633,42150
407.68,11.35,45.23,0,0,0,167.53,0.634,42198
410.05,11.35,45.4,0,0,0,167.72,0.635,42249
412.28,11.35,45.57,0,0,0,167.9,0.636,42297
414.65,11.34,45.75,0,0,0,168.11,0.637,42348
416.88,11.34,45.94,0,0,0,168.27,0.638,42396
419.26,11.34,46.13,0,0,0,168.51,0.639,42447
421.49,11.33,46.32,0,0,0,168.59,0.64,42495
423.87,11.32,46.52,0,0,0,168.47,0.641,42546
426.11,11.32,46.72,0,0,0,168.35,0.642,42594
428.48,11.31,46.93,0,0,0,168.22,0.643,42645
430.72,11.29,47.12,0,0,0,168.11,0.644,42693
433.09,11.28,47.33,0,0,0,167.98,0.645,42744
435.32,11.26,47.54,0,0,0,167.75,0.646,42792
437.69,11.24,47.74,0,0,0,167.9,0.647,42843
439.93,11.22,47.93,0,0,0,168.09,0.648,42891
442.31,11.21,48.13,0,0,0,168.28,0.649,42942
444.54,11.2,48.32,0,0,0,168.45,0.65,42990
446.93,11.18,48.5,0,0,0,168.63,0.651,43041
449.17,11.18,48.69,0,0,0,168.79,0.652,43089
451.56,11.15,48.87,0,0,0,168.95,0.653,43140
453.8,11.14,49.05,0,0,0,169.11,0.654,43188
456.19,11.11,49.24,0,0,0,169.27,0.655,43239
458.44,11.09,49.41,0,0,0,169.45,0.656,43287
460.84,11.05,49.6,0,0,0,169.64,0.657,43338
463.09,11.02,49.76,0,0,0,169.86,0.658,43386
465.49,10.99,49.94,0,0,0,170.01,0.659,43437
467.76,10.96,50.09,0,0,0,170.25,0.66,43485
470.17,10.92,50.25,0,0,0,170.24,0.661,43536
472.29,10.89,50.39,0,0,0,169.04,0.662,43581
474.81,10.86,50.55,0,0,0,167.21,0.663,43635
477.02,10.82,50.68,0,0,0,165.53,0.664,43683
479.35,10.78,50.82,0,0,0,163.48,0.665,43734
481.78,10.73,50.96,0,0,0,161.4,0.666,43788
483.92,10.7,51.08,0,0,0,159.28,0.667,43836
486.29,10.65,51.2,0,0,0,157.09,0.668,43890
488.63,10.61,51.32,0,0,0,154.95,0.669,43944
490.94,10.56,51.43,0,0,0,152.88,0.67,43998
493.22,10.52,51.52,0,0,0,150.83,0.671,44052
495.72,10.46,51.62,0,0,0,148.55,0.672,44112
497.93,10.41,51.69,0,0,0,146.57,0.673,44166
500.24,10.37,51.76,0,0,0,144.54,0.674,44223
502.64,10.32,51.8,0,0,0,142.33,0.675,44283
504.88,10.27,51.83,0,0,0,140.52,0.676,44340
507.22,10.22,51.82,0,0,0,139.62,0.677,44400
509.67,10.16,51.79,0,0,0,139.08,0.678,44463
511.88,10.11,51.73,0,0,0,138.46,0.679,44520
514.19,10.06,51.65,0,0,0,137.64,0.68,44580
516.6,9.97,51.53,0,0,0,136.59,0.681,44643
518.98,9.91,51.39,0,0,0,135.66,0.682,44706
521.35,9.83,51.2,0,0,0,134.98,0.683,44769
523.49,9.77,50.99,0,0,0,134.4,0.684,44826
525.83,9.69,50.74,0,0,0,133.78,0.685,44889
528.16,9.62,50.45,0,0,0,133.22,0.686,44952
530.47,9.54,50.13,0,0,0,132.59,0.687,45015
532.77,9.46,49.76,0,0,0,132.01,0.688,45078
535.26,9.37,49.32,0,0,0,131.47,0.689,45147
537.53,9.29,48.88,0,0,0,131.19,0.69,45210
539.78,9.2,48.4,0,0,0,130.94,0.691,45273
542.02,9.11,47.88,0,0,0,130.66,0.692,45336
544.25,9.02,47.32,0,0,0,130.23,0.693,45399
546.46,8.92,46.73,0,0,0,129.67,0.694,45462
548.64,8.83,46.11,0,0,0,129.02,0.695,45525
550.81,8.74,45.45,0,0,0,128.33,0.696,45588
553.05,8.64,44.72,0,0,0,127.62,0.697,45654
555.17,8.54,43.99,0,0,0,126.97,0.698,45717
557.46,8.44,43.15,0,0,0,126.24,0.699,45786
559.52,8.35,42.36,0,0,0,125.58,0.7,45849
561.66,8.25,41.49,0,0,0,124.86,0.701,45915
563.86,8.14,40.54,0,0,0,124.12,0.702,45984
565.84,8.04,39.64,0,0,0,123.48,0.703,46047
567.89,7.93,38.66,0,0,0,123.16,0.704,46113
570.01,7.82,37.6,0,0,0,123.22,0.705,46182
572.02,7.71,36.54,0,0,0,123.33,0.706,46248
574.11,7.6,35.38,0,0,0,123.36,0.707,46317
576.07,7.51,34.23,0,0,0,123.38,0.708,46383
578.1,7.4,32.99,0,0,0,123.33,0.709,46452
580.02,7.3,31.78,0,0,0,123.3,0.71,46518
582.01,7.2,30.48,0,0,0,123.47,0.711,46587
583.81,7.11,29.26,0,0,0,123.66,0.712,46650
585.84,7,27.84,0,0,0,123.92,0.713,46722
587.6,6.9,26.56,0,0,0,124.11,0.714,46785
589.42,6.79,25.18,0,0,0,124.32,0.715,46851
591.31,6.68,23.72,0,0,0,124.53,0.716,46920
593.1,6.58,22.28,0,0,0,124.75,0.717,46986
594.95,6.47,20.74,0,0,0,124.98,0.718,47055
596.68,6.37,19.23,0,0,0,125.11,0.719,47121
598.47,6.27,17.6,0,0,0,125.23,0.72,47190
600.07,6.17,16.09,0,0,0,125.39,0.721,47253
601.86,6.06,14.32,0,0,0,125.53,0.722,47325
603.41,5.96,12.74,0,0,0,125.7,0.723,47388
605,5.85,11.05,0,0,0,125.83,0.724,47454
606.62,5.75,9.25,0,0,0,125.96,0.725,47523
608.15,5.65,7.49,0,0,0,126.13,0.726,47589
609.71,5.55,5.63,0,0,0,126.27,0.727,47658
611.16,5.45,3.81,0,0,0,126.41,0.728,47724
612.58,5.35,1.96,0,0,0,126.58,0.729,47790
614.09,5.25,-0.09,0,0,0,126.8,0.73,47862
615.44,5.15,-2,0,0,0,127.02,0.731,47928
616.8,5.05,-4.03,0,0,0,127.28,0.732,47997
618.08,4.95,-6,0,0,0,127.53,0.733,48063
619.37,4.84,-8.1,0,0,0,127.78,0.734,48132
620.51,4.73,-10.03,0,0,0,128.05,0.735,48195
621.78,4.6,-12.27,0,0,0,128.27,0.736,48267
622.86,4.48,-14.26,0,0,0,128.53,0.737,48330
623.97,4.36,-16.35,0,0,0,128.8,0.738,48396
625.07,4.24,-18.57,0,0,0,129.06,0.739,48465
626.05,4.13,-20.62,0,0,0,129.29,0.74,48528
627.03,3.98,-22.8,0,0,0,129.54,0.741,48594
627.97,3.87,-24.86,0,0,0,129.61,0.742,48657
628.91,3.72,-27.18,0,0,0,129.35,0.743,48726
629.75,3.61,-29.28,0,0,0,129.12,0.744,48789
630.57,3.5,-31.37,0,0,0,128.88,0.745,48852
631.33,3.31,-33.52,0,0,0,128.8,0.746,48915
632.11,3.16,-35.75,0,0,0,128.89,0.747,48981
632.82,3,-38.1,0,0,0,129.26,0.748,49050
633.62,2.83,-40.22,0,0,0,129.6,0.749,49113
634.29,2.68,-42.38,0,0,0,129.98,0.75,49176
634.95,2.53,-44.56,0,0,0,130.37,0.751,49239
635.59,2.38,-46.77,0,0,0,130.82,0.752,49302
636.26,2.21,-49.07,0,0,0,131.24,0.753,49368
636.9,2.08,-51.28,0,0,0,131.72,0.754,49431
637.51,1.95,-53.5,0,0,0,132.11,0.755,49494
638.13,1.75,-55.72,0,0,0,132.46,0.756,49557
638.74,1.62,-57.96,0,0,0,132.95,0.757,49620
639.34,1.46,-60.2,0,0,0,133.38,0.758,49683
639.97,1.29,-62.45,0,0,0,133.86,0.759,49746
640.61,1.13,-64.67,0,0,0,134.35,0.76,49809
641.22,0.95,-66.96,0,0,0,134.82,0.761,49872
641.87,0.8,-69.21,0,0,0,135.33,0.762,49935
642.47,0.63,-71.38,0,0,0,135.76,0.763,49995
643.11,0.46,-73.66,0,0,0,136.27,0.764,50058
643.76,0.27,-75.95,0,0,0,136.73,0.765,50121
644.4,0.09,-78.26,0,0,0,137.2,0.766,50184
644.99,-0.07,-80.35,0,0,0,137.69,0.767,50241
645.62,-0.23,-82.54,0,0,0,138.09,0.768,50301
646.28,-0.43,-84.87,0,0,0,138.58,0.769,50364
646.89,-0.58,-86.98,0,0,0,139.06,0.77,50421
647.52,-0.76,-89.21,0,0,0,139.49,0.771,50481
648.19,-0.92,-91.55,0,0,0,139.55,0.772,50544
648.79,-1.08,-93.65,0,0,0,137.99,0.773,50601
649.44,-1.27,-95.96,0,0,0,136,0.774,50664
650.05,-1.43,-98.12,0,0,0,133.8,0.775,50724
650.66,-1.6,-100.35,0,0,0,131.25,0.776,50787
651.28,-1.78,-102.65,0,0,0,128.59,0.777,50853
651.85,-1.94,-104.81,0,0,0,126.08,0.778,50916
652.43,-2.11,-107.13,0,0,0,123.32,0.779,50985
653.01,-2.29,-109.5,0,0,0,120.41,0.78,51057
653.51,-2.45,-111.63,0,0,0,118.05,0.781,51123
654.02,-2.64,-113.92,0,0,0,116.09,0.782,51195
654.48,-2.82,-116.19,0,0,0,114.69,0.783,51267
654.89,-3.01,-118.44,0,0,0,113.48,0.784,51339
655.27,-3.22,-120.87,0,0,0,112.15,0.785,51417
655.57,-3.4,-123.1,0,0,0,111.03,0.786,51489
655.81,-3.59,-125.3,0,0,0,109.76,0.787,51561
656.01,-3.78,-127.58,0,0,0,108.27,0.788,51636
656.15,-3.98,-129.92,0,0,0,107.03,0.789,51714
656.21,-4.17,-132.15,0,0,0,106.34,0.79,51789
656.22,-4.36,-134.46,0,0,0,105.72,0.791,51867
656.15,-4.56,-136.85,0,0,0,105,0.792,51948
656.03,-4.73,-138.96,0,0,0,104.31,0.793,52020
655.83,-4.92,-141.3,0,0,0,103.49,0.794,52101
655.58,-5.09,-143.45,0,0,0,102.71,0.795,52176
655.26,-5.27,-145.74,0,0,0,101.87,0.796,52257
654.88,-5.46,-148,0,0,0,101.07,0.797,52338
654.45,-5.67,-150.22,0,0,0,100.37,0.798,52419
653.98,-5.88,-152.42,0,0,0,99.8,0.799,52500
653.42,-6.09,-154.77,0,0,0,99.26,0.8,52587
652.85,-6.29,-156.92,0,0,0,99.14,0.801,52668
652.23,-6.46,-159.07,0,0,0,99.38,0.802,52749
651.48,-6.61,-161.29,0,0,0,99.42,0.803,52833
650.58,-6.73,-163.56,0,0,0,99.44,0.804,52920
649.64,-6.82,-165.63,0,0,0,99.39,0.805,53001
648.59,-6.91,-167.74,0,0,0,99.44,0.806,53085
647.42,-6.98,-169.87,0,0,0,99.56,0.807,53172
646.26,-7.05,-171.82,0,0,0,99.78,0.808,53253
645,-7.11,-173.81,0,0,0,100.1,0.809,53337
643.73,-7.18,-175.7,0,0,0,100.46,0.81,53418
642.3,-7.25,-177.7,0,0,0,100.91,0.811,53505
640.92,-7.31,-179.52,0,0,0,101.38,0.812,53586
639.48,-7.38,-181.32,0,0,0,101.91,0.813,53667
637.99,-7.45,-183.08,0,0,0,102.49,0.814,53748
636.45,-7.51,-184.83,0,0,0,103.1,0.815,53829
634.87,-7.58,-186.55,0,0,0,103.7,0.816,53910
633.23,-7.64,-188.24,0,0,0,104.3,0.817,53991
631.55,-7.71,-189.9,0,0,0,104.93,0.818,54072
629.82,-7.76,-191.54,0,0,0,105.54,0.819,54153
628.06,-7.83,-193.16,0,0,0,106.16,0.82,54234
626.38,-7.88,-194.64,0,0,0,106.73,0.821,54309
624.6,-7.95,-196.14,0,0,0,107.3,0.822,54387
622.72,-8.01,-197.69,0,0,0,107.91,0.823,54468
620.92,-8.07,-199.09,0,0,0,108.47,0.824,54543
619.04,-8.12,-200.52,0,0,0,109.03,0.825,54621
617.18,-8.19,-201.87,0,0,0,109.54,0.826,54696
615.24,-8.25,-203.25,0,0,0,110.12,0.827,54774
613.32,-8.32,-204.55,0,0,0,110.64,0.828,54849
611.3,-8.39,-205.88,0,0,0,111.19,0.829,54927
609.43,-8.44,-207.1,0,0,0,111.75,0.83,54999
607.36,-8.5,-208.39,0,0,0,112.39,0.831,55077
605.42,-8.53,-209.55,0,0,0,112.9,0.832,55149
603.34,-8.58,-210.73,0,0,0,113.44,0.833,55224
601.38,-8.61,-211.86,0,0,0,113.95,0.834,55296
599.2,-8.65,-213.05,0,0,0,114.52,0.835,55374
597.14,-8.72,-214.13,0,0,0,115.03,0.836,55446
595.11,-8.72,-215.2,0,0,0,115.55,0.837,55518
593,-8.79,-216.24,0,0,0,116.04,0.838,55590
590.93,-8.81,-217.27,0,0,0,116.53,0.839,55662
588.78,-8.85,-218.26,0,0,0,116.98,0.84,55734
586.66,-8.9,-219.24,0,0,0,117.47,0.841,55806
584.48,-8.95,-220.18,0,0,0,117.94,0.842,55878
582.45,-8.99,-220.98,0,0,0,118.38,0.843,55944
580.24,-9.03,-221.87,0,0,0,118.83,0.844,56016
578.1,-9.06,-222.68,0,0,0,119.21,0.845,56085
575.85,-9.11,-223.5,0,0,0,119.67,0.846,56157
573.57,-9.17,-224.29,0,0,0,120.15,0.847,56229
571.48,-9.21,-225,0,0,0,120.68,0.848,56295
569.28,-9.25,-225.73,0,0,0,121.22,0.849,56364
566.96,-9.29,-226.46,0,0,0,121.78,0.85,56436
564.83,-9.32,-227.13,0,0,0,122.28,0.851,56502
562.58,-9.36,-227.82,0,0,0,122.85,0.852,56571
560.43,-9.39,-228.49,0,0,0,123.39,0.853,56637
558.17,-9.43,-229.19,0,0,0,123.91,0.854,56706
555.99,-9.47,-229.85,0,0,0,124.42,0.855,56772
553.71,-9.51,-230.56,0,0,0,124.99,0.856,56841
551.51,-9.55,-231.23,0,0,0,125.49,0.857,56907
549.2,-9.58,-231.93,0,0,0,126.03,0.858,56976
547.09,-9.61,-232.57,0,0,0,126.52,0.859,57039
544.86,-9.64,-233.25,0,0,0,127.02,0.86,57105
542.52,-9.68,-233.95,0,0,0,127.53,0.861,57174
540.38,-9.71,-234.58,0,0,0,128.01,0.862,57237
538.22,-9.74,-235.22,0,0,0,128.48,0.863,57300
535.96,-9.77,-235.89,0,0,0,128.98,0.864,57366
533.79,-9.8,-236.53,0,0,0,129.44,0.865,57429
531.4,-9.84,-237.22,0,0,0,129.95,0.866,57498
529.22,-9.87,-237.86,0,0,0,130.4,0.867,57561
527.02,-9.9,-238.5,0,0,0,130.85,0.868,57624
524.82,-9.94,-239.14,0,0,0,131.29,0.869,57687
522.61,-9.97,-239.79,0,0,0,131.73,0.87,57750
520.39,-10.01,-240.43,0,0,0,132.17,0.871,57813
518.17,-10.04,-241.08,0,0,0,132.42,0.872,57876
515.94,-10.07,-241.72,0,0,0,132.35,0.873,57939
513.72,-10.11,-242.37,0,0,0,132.27,0.874,58002
511.5,-10.14,-243.02,0,0,0,132.19,0.875,58065
509.28,-10.18,-243.66,0,0,0,132.14,0.876,58128
507.06,-10.21,-244.31,0,0,0,132.2,0.877,58191
504.84,-10.25,-244.95,0,0,0,132.58,0.878,58254
502.6,-10.28,-245.6,0,0,0,132.96,0.879,58317
500.37,-10.32,-246.25,0,0,0,133.35,0.88,58380
498.12,-10.35,-246.9,0,0,0,133.73,0.881,58443
495.87,-10.38,-247.55,0,0,0,134.12,0.882,58506
493.61,-10.41,-248.2,0,0,0,134.5,0.883,58569
491.34,-10.45,-248.85,0,0,0,134.87,0.884,58632
489.28,-10.48,-249.44,0,0,0,135.22,0.885,58689
487,-10.51,-250.09,0,0,0,135.6,0.886,58752
484.82,-10.55,-250.7,0,0,0,135.96,0.887,58812
482.53,-10.58,-251.35,0,0,0,136.35,0.888,58875
480.23,-10.62,-251.99,0,0,0,136.74,0.889,58938
478.14,-10.65,-252.57,0,0,0,137.07,0.89,58995
475.82,-10.69,-253.21,0,0,0,137.46,0.891,59058
473.61,-10.72,-253.83,0,0,0,137.81,0.892,59118
471.28,-10.75,-254.47,0,0,0,138.19,0.893,59181
469.17,-10.78,-255.05,0,0,0,138.54,0.894,59238
466.95,-10.82,-255.67,0,0,0,138.89,0.895,59298
464.6,-10.85,-256.32,0,0,0,139.27,0.896,59361
462.47,-10.89,-256.91,0,0,0,139.61,0.897,59418
460.23,-10.92,-257.53,0,0,0,139.97,0.898,59478
457.86,-10.96,-258.18,0,0,0,140.36,0.899,59541
455.83,-10.98,-258.74,0,0,0,140.67,0.9,59595
453.46,-11.02,-259.4,0,0,0,141.04,0.901,59658
451.3,-11.05,-260,0,0,0,141.38,0.902,59715
449.03,-11.09,-260.63,0,0,0,141.73,0.903,59775
446.87,-11.12,-261.24,0,0,0,142.08,0.904,59832
444.58,-11.15,-261.87,0,0,0,142.44,0.905,59892
442.41,-11.19,-262.48,0,0,0,142.77,0.906,59949
440.11,-11.22,-263.12,0,0,0,143.13,0.907,60009
437.93,-11.25,-263.73,0,0,0,143.46,0.908,60066
435.62,-11.29,-264.38,0,0,0,143.81,0.909,60126
433.43,-11.32,-264.99,0,0,0,144.15,0.91,60183
431.11,-11.35,-265.64,0,0,0,144.5,0.911,60243
429.02,-11.38,-266.23,0,0,0,144.81,0.912,60297
426.81,-11.42,-266.84,0,0,0,145.16,0.913,60354
424.48,-11.46,-267.5,0,0,0,145.5,0.914,60414
422.26,-11.49,-268.12,0,0,0,145.85,0.915,60471
419.92,-11.53,-268.78,0,0,0,146.2,0.916,60531
417.81,-11.56,-269.38,0,0,0,146.52,0.917,60585
415.57,-11.59,-270.01,0,0,0,146.84,0.918,60642
413.22,-11.63,-270.68,0,0,0,147.19,0.919,60702
411.09,-11.66,-271.29,0,0,0,147.51,0.92,60756
408.96,-11.69,-271.89,0,0,0,147.81,0.921,60810
406.71,-11.72,-272.54,0,0,0,148.15,0.922,60867
404.34,-11.76,-273.22,0,0,0,148.5,0.923,60927
402.19,-11.79,-273.84,0,0,0,148.8,0.924,60981
400.05,-11.81,-274.46,0,0,0,149.12,0.925,61035
397.77,-11.84,-275.11,0,0,0,149.44,0.926,61092
395.62,-11.87,-275.73,0,0,0,149.75,0.927,61146
393.21,-11.9,-276.42,0,0,0,150.09,0.928,61206
391.05,-11.93,-277.04,0,0,0,150.39,0.929,61260
388.87,-11.95,-277.66,0,0,0,150.7,0.93,61314
386.7,-11.97,-278.28,0,0,0,151.01,0.931,61368
384.39,-11.99,-278.93,0,0,0,151.32,0.932,61425
382.21,-12.01,-279.56,0,0,0,151.62,0.933,61479
380.02,-12.02,-280.18,0,0,0,151.91,0.934,61533
377.58,-12.04,-280.88,0,0,0,152.23,0.935,61593
375.39,-12.05,-281.51,0,0,0,152.51,0.936,61647
373.19,-12.06,-282.14,0,0,0,152.81,0.937,61701
370.98,-12.07,-282.78,0,0,0,153.09,0.938,61755
368.78,-12.08,-283.42,0,0,0,153.38,0.939,61809
366.57,-12.09,-284.06,0,0,0,153.66,0.94,61863
364.35,-12.1,-284.7,0,0,0,153.96,0.941,61917
362.13,-12.11,-285.35,0,0,0,154.24,0.942,61971
359.91,-12.11,-286,0,0,0,154.52,0.943,62025
357.68,-12.11,-286.64,0,0,0,154.8,0.944,62079
355.44,-12.12,-287.29,0,0,0,155.07,0.945,62133
353.21,-12.12,-287.94,0,0,0,155.34,0.946,62187
350.96,-12.12,-288.59,0,0,0,155.63,0.947,62241
348.72,-12.12,-289.23,0,0,0,155.89,0.948,62295
346.47,-12.12,-289.88,0,0,0,156.16,0.949,62349
344.34,-12.12,-290.49,0,0,0,156.41,0.95,62400
341.96,-12.12,-291.18,0,0,0,156.69,0.951,62457
339.95,-12.12,-291.76,0,0,0,156.94,0.952,62505
337.68,-12.12,-292.41,0,0,0,157.23,0.953,62559
335.29,-12.13,-293.09,0,0,0,157.5,0.954,62616
333.27,-12.13,-293.67,0,0,0,157.74,0.955,62664
330.99,-12.13,-294.33,0,0,0,158.01,0.956,62718
328.71,-12.13,-294.98,0,0,0,158.28,0.957,62772
326.56,-12.13,-295.6,0,0,0,158.53,0.958,62823
324.27,-12.13,-296.26,0,0,0,158.79,0.959,62877
321.98,-12.13,-296.92,0,0,0,159.04,0.96,62931
319.69,-12.13,-297.59,0,0,0,159.31,0.961,62985
317.65,-12.13,-298.18,0,0,0,159.54,0.962,63033
315.35,-12.13,-298.84,0,0,0,159.81,0.963,63087
313.17,-12.13,-299.47,0,0,0,160.05,0.964,63138
310.86,-12.14,-300.14,0,0,0,160.3,0.965,63192
308.55,-12.14,-300.81,0,0,0,160.56,0.966,63246
306.49,-12.14,-301.41,0,0,0,160.79,0.967,63294
304.3,-12.15,-302.05,0,0,0,161.04,0.968,63345
301.98,-12.15,-302.72,0,0,0,161.31,0.969,63399
299.66,-12.15,-303.4,0,0,0,161.57,0.97,63453
297.59,-12.15,-304,0,0,0,161.79,0.971,63501
295.38,-12.14,-304.64,0,0,0,162.02,0.972,63552
293.05,-12.14,-305.32,0,0,0,162.28,0.973,63606
290.97,-12.14,-305.93,0,0,0,162.5,0.974,63654
288.76,-12.14,-306.57,0,0,0,162.73,0.975,63705
286.42,-12.13,-307.26,0,0,0,162.98,0.976,63759
284.07,-12.13,-307.94,0,0,0,163.22,0.977,63813
282.11,-12.13,-308.52,0,0,0,163.43,0.978,63858
279.75,-12.14,-309.21,0,0,0,163.68,0.979,63912
277.66,-12.14,-309.82,0,0,0,163.9,0.98,63960
275.43,-12.14,-310.48,0,0,0,164.13,0.981,64011
273.07,-12.14,-311.17,0,0,0,164.4,0.982,64065
270.96,-12.14,-311.79,0,0,0,164.62,0.983,64113
268.72,-12.14,-312.45,0,0,0,164.85,0.984,64164
266.35,-12.14,-313.15,0,0,0,165.08,0.985,64218
264.24,-12.14,-313.77,0,0,0,165.29,0.986,64266
261.99,-12.14,-314.44,0,0,0,165.51,0.987,64317
259.87,-12.13,-315.06,0,0,0,165.72,0.988,64365
257.62,-12.13,-315.73,0,0,0,165.94,0.989,64416
255.23,-12.13,-316.43,0,0,0,166.16,0.99,64470
253.11,-12.13,-317.06,0,0,0,166.37,0.991,64518
250.84,-12.14,-317.73,0,0,0,166.59,0.992,64569
248.71,-12.14,-318.36,0,0,0,166.8,0.993,64617
246.45,-12.14,-319.04,0,0,0,167.02,0.994,64668
244.31,-12.14,-319.67,0,0,0,167.21,0.995,64716
242.03,-12.13,-320.34,0,0,0,167.43,0.996,64767
239.62,-12.12,-321.06,0,0,0,167.65,0.997,64821
237.61,-12.11,-321.65,0,0,0,167.82,0.998,64866
235.2,-12.1,-322.37,0,0,0,168.03,0.999,64920
233.19,-12.1,-322.97,0,0,0,168.18,1,64965