230.1697,-11.7265,-312.3233
228.5893,-11.7225,-312.7835
227.0261,-11.7186,-313.2378
225.4850,-11.7146,-313.6858
223.9716,-11.7104,-314.1263
222.4859,-11.7060,-314.5584
221.0217,-11.7013,-314.9848
219.5760,-11.6962,-315.4052
218.1442,-11.6906,-315.8221
216.7200,-11.6845,-316.2358
215.3053,-11.6780,-316.6480
213.8932,-11.6712,-317.0582
212.4858,-11.6641,-317.4679
211.0810,-11.6568,-317.8762
209.6798,-11.6495,-318.2834
208.2794,-11.6420,-318.6902
206.8792,-11.6345,-319.0973
205.4805,-11.6268,-319.5043
204.0811,-11.6187,-319.9115
202.6809,-11.6102,-320.3191
201.2804,-11.6009,-320.7270
199.8781,-11.5909,-321.1346
198.4757,-11.5800,-321.5424
197.0723,-11.5682,-321.9513
195.6685,-11.5556,-322.3587
191.3674,-11.5142,-323.6111
189.8941,-11.4989,-324.0395
188.4269,-11.4827,-324.4663
186.9589,-11.4657,-324.8940
185.4908,-11.4479,-325.3219
184.0214,-11.4293,-325.7495
182.5504,-11.4101,-326.1783
181.0791,-11.3900,-326.6064
179.6070,-11.3689,-327.0352
178.1354,-11.3464,-327.4651
176.6631,-11.3223,-327.8930
175.1902,-11.2970,-328.3225
173.7170,-11.2708,-328.7514
172.2428,-11.2442,-329.1808
170.7684,-11.2176,-329.6097
169.2933,-11.1916,-330.0408
167.8170,-11.1661,-330.4699
166.3401,-11.1408,-330.9006
164.8627,-11.1153,-331.3317
163.3861,-11.0893,-331.7629
161.9076,-11.0626,-332.1932
160.4285,-11.0357,-332.6259
158.9481,-11.0081,-333.0574
157.4670,-10.9799,-333.4893
155.9879,-10.9503,-333.9213
154.5075,-10.9190,-334.3521
153.0270,-10.8857,-334.7848
151.5449,-10.8506,-335.2157
150.0624,-10.8140,-335.6484
148.5792,-10.7761,-336.0793
147.0948,-10.7376,-336.5130
145.6090,-10.6983,-336.9445
144.1231,-10.6586,-337.3783
142.6355,-10.6186,-337.8130
141.1464,-10.5781,-338.2451
139.6582,-10.5367,-338.6800
138.1687,-10.4940,-339.1133
136.6793,-10.4498,-339.5484
135.1884,-10.4044,-339.9813
133.6963,-10.3575,-340.4172
132.2036,-10.3097,-340.8514
130.7092,-10.2614,-341.2885
129.2138,-10.2131,-341.7231
127.7181,-10.1649,-342.1603
126.2214,-10.1164,-342.5955
124.7257,-10.0672,-343.0329
123.2274,-10.0176,-343.4680
121.7286,-9.9681,-343.9066
120.2287,-9.9191,-344.3429
118.7285,-9.8708,-344.7811
117.2281,-9.8233,-345.2178
115.7265,-9.7758,-345.6573
114.2252,-9.7274,-346.0942
112.7240,-9.6769,-346.5303
111.2237,-9.6239,-346.9691
109.7226,-9.5683,-347.4059
108.2221,-9.5101,-347.8442
106.7207,-9.4496,-348.2829
105.2162,-9.3881,-348.7201
103.7120,-9.3264,-349.1611
102.2069,-9.2650,-349.5989
100.7013,-9.2039,-350.0404
99.1956,-9.1426,-350.4797
97.6914,-9.0809,-350.9223
96.1871,-9.0182,-351.3618
94.6845,-8.9538,-351.8011
93.1824,-8.8880,-352.2433
91.6804,-8.8206,-352.6833
90.1779,-8.7512,-353.1229
88.6764,-8.6797,-353.5658
87.1740,-8.6068,-354.0058
85.6728,-8.5332,-354.4491
84.1700,-8.4593,-354.8894
82.6701,-8.3850,-355.3328
81.1690,-8.3097,-355.7737
79.6687,-8.2335,-356.2181
78.1666,-8.1562,-356.6595
76.6638,-8.0778,-357.1015
75.1626,-7.9982,-357.5463
73.6597,-7.9168,-357.9889
72.1556,-7.8343,-358.4355
70.6504,-7.7507,-358.8783
69.1447,-7.6665,-359.3247
67.6382,-7.5818,-359.7675
66.1333,-7.4960,-360.2144
64.6266,-7.4091,-360.6575
63.1200,-7.3211,-361.1057
61.6109,-7.2321,-361.5497
60.1036,-7.1419,-361.9982
58.5949,-7.0506,-362.4425
57.0887,-6.9580,-362.8906
55.5790,-6.8632,-363.3358
54.0708,-6.7663,-363.7840
52.5616,-6.6675,-364.2289
51.0564,-6.5675,-364.6768
49.5559,-6.4672,-365.1204
48.0652,-6.3671,-365.5635
46.5841,-6.2673,-366.0014
45.1137,-6.1685,-366.4347
43.6540,-6.0714,-366.8704
42.2028,-5.9756,-367.2980
40.5850,-5.8686,-367.7800
38.9810,-5.7605,-368.2516
37.3922,-5.6514,-368.7241
35.8162,-5.5412,-369.1883
34.2548,-5.4296,-369.6520
32.7067,-5.3172,-370.1111
31.1726,-5.2052,-370.5641
29.6524,-5.0947,-371.0160
28.1432,-4.9862,-371.4609
26.6472,-4.8791,-371.9011
25.1673,-4.7727,-372.3415
23.7006,-4.6659,-372.7743
22.2494,-4.5576,-373.2057
20.8108,-4.4481,-373.6295
19.2280,-4.3253,-374.0980
17.6624,-4.2015,-374.5586
16.1127,-4.0783,-375.0182
14.5770,-3.9566,-375.4688
13.0557,-3.8376,-375.9200
11.5519,-3.7207,-376.3659
10.0638,-3.6058,-376.8043
8.5888,-3.4925,-377.2418
7.1296,-3.3802,-377.6713
5.6902,-3.2682,-378.0984
4.1259,-3.1451,-378.5587
2.5840,-3.0222,-379.0169
1.0611,-2.8995,-379.4648
-0.4437,-2.7774,-379.9121
-1.9332,-2.6567,-380.3512
-3.4008,-2.5370,-380.7898
-4.8532,-2.4192,-381.2179
-6.4139,-2.2921,-381.6836
-7.9530,-2.1656,-382.1430
-9.4652,-2.0391,-382.5898
-10.9499,-1.9126,-383.0351
-12.4165,-1.7865,-383.4692
-13.8621,-1.6615,-383.8974
-15.4016,-1.5280,-384.3596
-16.9152,-1.3964,-384.8082
-18.4019,-1.2666,-385.2547
-19.8604,-1.1381,-385.6877
-21.2864,-1.0111,-386.1166
-22.7839,-0.8760,-386.5605
-24.2443,-0.7437,-387.0002
-25.6641,-0.6143,-387.4227
-27.0392,-0.4884,-387.8383
-28.4674,-0.3564,-388.2659
-29.8499,-0.2274,-388.6812
-31.1864,-0.1009,-389.0903
-32.5747,0.0307,-389.5123
-33.9105,0.1583,-389.9284
-35.2196,0.2827,-390.3344
-36.5008,0.4044,-390.7375
-37.7551,0.5250,-391.1432
-39.0826,0.6517,-391.5685
-40.4023,0.7751,-391.9994
-41.7144,0.8956,-392.4256
-43.0220,1.0146,-392.8595
-44.3396,1.1328,-393.2913
-45.6774,1.2508,-393.7251
-47.0528,1.3658,-394.1683
-48.4504,1.4777,-394.6037
-49.8749,1.5867,-395.0485
-51.3250,1.6924,-395.4816
-52.7914,1.7980,-395.9182
-54.2966,1.9021,-396.4008
-55.8274,2.0060,-396.8555
-57.3715,2.1124,-397.2187
-58.9176,2.2220,-397.4369
-60.4651,2.3365,-397.5553
-61.9897,2.4554,-397.4955
-63.5053,2.5855,-397.3653
-64.9715,2.7168,-397.0227
-66.4003,2.8544,-396.5678
-67.8064,2.9965,-396.0526
-69.1294,3.1379,-395.3284
-70.4016,3.2773,-394.5155
-71.5492,3.4186,-393.4896
-72.6034,3.5678,-392.3692
-73.6360,3.7287,-391.0803
-74.6136,3.8800,-389.7091
-75.4897,4.0173,-388.2135
-76.2983,4.1449,-386.7315
-77.0852,4.2660,-385.3201
-77.8167,4.3840,-383.9562
-78.5109,4.4973,-382.6221
-79.1919,4.6043,-381.3151
-79.8406,4.7043,-380.0345
-80.4543,4.7989,-378.7926
-81.0312,4.8910,-377.6022
-81.5940,4.9801,-376.4378
-82.1557,5.0639,-375.2951
-82.7195,5.1427,-374.1744
-83.2879,5.2162,-373.0641
-83.8606,5.2866,-371.9733
-84.4362,5.3548,-370.8906
-85.0289,5.4224,-369.8173
-85.6663,5.4883,-368.7190
-86.3487,5.5528,-367.5922
-87.0851,5.6155,-366.4073
-87.8780,5.6724,-365.1572
-88.6508,5.7254,-363.9535
-89.4553,5.7774,-362.7227
-90.2820,5.8259,-361.4693
-91.1151,5.8779,-360.2129
-91.9596,5.9322,-358.9455
-92.8214,5.9862,-357.6658
-93.6985,6.0405,-356.3763
-94.5976,6.0946,-355.0770
-95.4660,6.1397,-353.8293
-96.3493,6.1805,-352.5622
-97.2344,6.2214,-351.2721
-98.1307,6.2651,-349.9598
-99.0395,6.3100,-348.6338
-99.9620,6.3544,-347.3057
-100.9154,6.3968,-345.9823
-101.8949,6.4361,-344.6568
-102.8276,6.4705,-343.4046
-103.7618,6.5036,-342.1436
-104.7033,6.5343,-340.8736
-105.6443,6.5643,-339.6104
-106.5849,6.5923,-338.3499
-107.5334,6.6184,-337.0805
-108.4893,6.6425,-335.8029
-109.4529,6.6653,-334.5162
-110.4234,6.6873,-333.2223
-111.4004,6.7091,-331.9196
-112.3841,6.7311,-330.6090
-113.3104,6.7513,-329.3766
-114.2417,6.7710,-328.1382
-115.1783,6.7905,-326.8933
-116.1195,6.8096,-325.6429
-117.0665,6.8282,-324.3854
-118.0180,6.8462,-323.1214
-118.9759,6.8630,-321.8501
-119.9393,6.8788,-320.5735
-120.9063,6.8934,-319.2908
-121.8775,6.9073,-318.0024
-122.8550,6.9201,-316.7072
-123.8370,6.9321,-315.4081
-124.8216,6.9432,-314.1036
-125.7404,6.9535,-312.8864
-126.6620,6.9637,-311.6638
-127.5871,6.9741,-310.4363
-128.5161,6.9860,-309.2062
-129.4476,6.9990,-307.9684
-130.3834,7.0128,-306.7245
-131.3227,7.0259,-305.4772
-132.2693,7.0377,-304.2335
-133.2276,7.0478,-302.9920
-134.1999,7.0562,-301.7519
-135.1693,7.0626,-300.5048
-136.1264,7.0670,-299.2444
-137.0804,7.0697,-297.9749
-138.0355,7.0713,-296.6967
-138.9913,7.0730,-295.4150
-139.9473,7.0747,-294.1263
-140.9047,7.0763,-292.8306
-141.7931,7.0772,-291.6292
-142.6858,7.0778,-290.4237
-143.5829,7.0785,-289.2137
-144.4827,7.0796,-287.9984
-145.3849,7.0804,-286.7789
-146.2895,7.0810,-285.5567
-147.1990,7.0810,-284.3279
-148.1125,7.0812,-283.0942
-149.0321,7.0804,-281.8540
-149.9544,7.0786,-280.6104
-150.8813,7.0748,-279.3635
-151.8112,7.0701,-278.1130
-152.7432,7.0654,-276.8613
-153.6747,7.0615,-275.6103
-154.6093,7.0571,-274.3571
-155.5494,7.0518,-273.1001
-156.4913,7.0448,-271.8428
-157.4337,7.0367,-270.5839
-158.3813,7.0273,-269.3217
-159.3328,7.0165,-268.0534
-160.2884,7.0045,-266.7820
-161.2455,6.9917,-265.5074
-162.2068,6.9785,-264.2298
-163.1715,6.9644,-262.9471
-164.1411,6.9505,-261.6613
-165.1133,6.9373,-260.3712
-166.0876,6.9242,-259.0778
-167.0659,6.9099,-257.7809
-168.0462,6.8934,-256.4809
-169.0290,6.8752,-255.1780
-170.0155,6.8565,-253.8710
-170.9218,6.8395,-252.6685
-171.8318,6.8227,-251.4632
-172.7439,6.8063,-250.2558
-173.6563,6.7905,-249.0468
-174.5698,6.7755,-247.8356
-175.4873,6.7602,-246.6208
-176.4050,6.7455,-245.4030
-177.3253,6.7307,-244.1829
-178.2472,6.7161,-242.9609
-179.1716,6.7009,-241.7346
-180.0978,6.6851,-240.5051
-181.0269,6.6685,-239.2719
-181.9561,6.6515,-238.0356
-182.8874,6.6347,-236.7973
-183.8210,6.6180,-235.5558
-184.7547,6.6026,-234.3118
-185.6919,6.5876,-233.0633
-186.6309,6.5725,-231.8105
-187.5734,6.5566,-230.5540
-188.5172,6.5392,-229.2941
-189.4630,6.5215,-228.0325
-190.4101,6.5037,-226.7682
-191.3586,6.4866,-225.5004
-192.3092,6.4705,-224.2292
-193.2623,6.4558,-222.9548
-194.2185,6.4428,-221.6778
-195.1754,6.4318,-220.3975
-196.1357,6.4223,-219.1130
-197.0977,6.4142,-217.8261
-198.0615,6.4069,-216.5370
-199.0271,6.4001,-215.2443
-199.9957,6.3941,-213.9494
-200.9677,6.3884,-212.6507
-201.9397,6.3837,-211.3494
-202.9147,6.3803,-210.0457
-203.8928,6.3776,-208.7385
-204.8707,6.3761,-207.4275
-205.8483,6.3746,-206.1111
-206.8224,6.3735,-204.7888
-207.7086,6.3724,-203.5830
-208.5937,6.3714,-202.3724
-209.4778,6.3704,-201.1587
-210.3614,6.3699,-199.9414
-211.2460,6.3699,-198.7199
-212.1308,6.3711,-197.4963
-213.0151,6.3736,-196.2685
-213.8999,6.3775,-195.0375
-214.7858,6.3823,-193.8015
-215.6717,6.3872,-192.5609
-216.5570,6.3912,-191.3162
-217.4439,6.3937,-190.0711
-218.3331,6.3949,-188.8239
-219.2244,6.3964,-187.5760
-220.1168,6.4000,-186.3282
-221.0064,6.4062,-185.0783
-221.8977,6.4152,-183.8278
-222.7906,6.4264,-182.5750
-223.6821,6.4391,-181.3183
-224.5731,6.4520,-180.0583
-225.4591,6.4646,-178.7932
-226.3440,6.4763,-177.5246
-227.2284,6.4871,-176.2529
-228.1105,6.4978,-174.9790
-228.9917,6.5092,-173.7038
-229.8689,6.5220,-172.4241
-230.7439,6.5364,-171.1392
-231.6143,6.5522,-169.8463
-232.4838,6.5687,-168.5461
-233.3542,6.5854,-167.2415
-234.2207,6.6020,-165.9303
-235.0872,6.6186,-164.6158
-235.9503,6.6354,-163.2963
-236.8150,6.6525,-161.9775
-237.6744,6.6698,-160.6613
-238.5258,6.6869,-159.3548
-239.3678,6.7045,-158.0585
-240.1987,6.7230,-156.7742
-241.0188,6.7429,-155.5030
-241.8282,6.7637,-154.2457
-242.7104,6.7875,-152.8810
-243.5821,6.8118,-151.5323
-244.4445,6.8365,-150.1996
-245.2942,6.8619,-148.8837
-246.1325,6.8880,-147.5875
-246.9605,6.9143,-146.3055
-247.7765,6.9409,-145.0401
-248.6493,6.9707,-143.6779
-249.5065,7.0010,-142.3390
-250.3464,7.0317,-141.0178
-251.1745,7.0615,-139.7145
-251.9867,7.0910,-138.4290
-252.7840,7.1204,-137.1661
-253.5633,7.1496,-135.9248
-254.3893,7.1807,-134.6071
-255.1915,7.2117,-133.3170
-255.9778,7.2436,-132.0524
-256.7495,7.2751,-130.8040
-257.5101,7.3066,-129.5739
-258.2593,7.3373,-128.3575
-258.9956,7.3682,-127.1634
-259.7768,7.4018,-125.8927
-260.5479,7.4354,-124.6405
-261.3094,7.4689,-123.3975
-262.0683,7.5016,-122.1631
-262.8189,7.5333,-120.9364
-263.5594,7.5644,-119.7233
-264.2933,7.5949,-118.5205
-265.0169,7.6256,-117.3252
-265.7354,7.6561,-116.1352
-266.5021,7.6878,-114.8585
-267.2772,7.7184,-113.5951
-268.0380,7.7479,-112.3294
-268.7646,7.7752,-111.0493
-269.4657,7.8000,-109.7560
-270.1670,7.8230,-108.4562
-270.8530,7.8440,-107.1437
-271.5114,7.8646,-105.8179
-272.0520,7.8858,-104.4599
-272.4309,7.9084,-103.0661
-272.7778,7.9322,-101.6607
-273.0802,7.9564,-100.2435
-273.3484,7.9790,-98.8198
-273.5839,8.0011,-97.3990
-273.7852,8.0213,-95.9776
-273.9575,8.0411,-94.5617
-274.0989,8.0596,-93.1461
-274.2155,8.0768,-91.7334
-274.2957,8.0910,-90.3175
-274.3543,8.1056,-88.8171
-274.3715,8.1183,-87.3201
-274.3582,8.1325,-85.8403
-274.3018,8.1475,-84.3651
-274.2077,8.1627,-82.8984
-274.0737,8.1782,-81.4406
-273.8877,8.1933,-79.9955
-273.6508,8.2088,-78.5690
-273.3603,8.2247,-77.1625
-273.0165,8.2431,-75.7853
-272.6344,8.2627,-74.4238
-272.2153,8.2822,-73.0785
-271.7583,8.3013,-71.7568
-271.2745,8.3206,-70.4577
-270.7625,8.3385,-69.1702
-270.2277,8.3547,-67.9038
-269.6691,8.3684,-66.6554
-269.0446,8.3802,-65.3480
-268.4010,8.3883,-64.0616
-267.7390,8.3944,-62.8065
-267.0536,8.3976,-61.5675
-266.3378,8.3966,-60.3504
-265.6061,8.3926,-59.1607
-264.8517,8.3847,-57.9896
-264.0783,8.3745,-56.8510
-263.2727,8.3620,-55.7427
-262.4371,8.3469,-54.6629
-261.5700,8.3280,-53.6128
-260.6684,8.3029,-52.5847
-259.6773,8.2699,-51.5375
-258.6710,8.2306,-50.5265
-257.6417,8.1849,-49.5505
-256.5903,8.1347,-48.6283
-255.5315,8.0818,-47.7385
-254.4709,8.0292,-46.8919
-253.3961,7.9792,-46.0954
-252.3184,7.9335,-45.3332
-251.2285,7.8918,-44.5977
-250.1115,7.8516,-43.8925
-248.9805,7.8109,-43.2053
-247.7709,7.7674,-42.5033
-246.5458,7.7223,-41.8428
-245.3070,7.6739,-41.1905
-244.0388,7.6196,-40.5729
-242.7568,7.5575,-39.9693
-241.4531,7.4871,-39.4074
-240.1490,7.4101,-38.8672
-238.8340,7.3289,-38.3792
-237.5095,7.2443,-37.9177
-236.1671,7.1583,-37.5136
-234.8101,7.0721,-37.1352
-233.4151,6.9828,-36.8097
-231.9986,6.8904,-36.5051
-230.5514,6.7931,-36.2590
-229.0779,6.6897,-36.0490
-227.6631,6.5876,-35.8701
-226.2184,6.4805,-35.7456
-224.7481,6.3676,-35.6336
-223.2577,6.2487,-35.5782
-221.7468,6.1240,-35.5338
-220.2193,5.9936,-35.5510
-218.7628,5.8649,-35.6012
-217.2885,5.7317,-35.6590
-215.8041,5.5943,-35.7767
-214.3097,5.4546,-35.9302
-212.8017,5.3152,-36.0984
-211.2871,5.1769,-36.3338
-209.7522,5.0371,-36.5853
-208.3064,4.9039,-36.8867
-206.8541,4.7701,-37.2233
-205.3939,4.6370,-37.5799
-203.9417,4.5065,-38.0030
-202.4880,4.3817,-38.4534
-201.0490,4.2635,-38.9793
-199.6083,4.1506,-39.5360
-198.1904,4.0435,-40.1679
-196.7933,3.9420,-40.8594
-195.4197,3.8456,-41.6094
-194.0792,3.7530,-42.4298
-192.8486,3.6679,-43.2474
-191.6441,3.5840,-44.1108
-190.4698,3.5018,-45.0179
-189.3137,3.4188,-45.9557
-188.1742,3.3337,-46.9230
-187.0551,3.2454,-47.9141
-185.9631,3.1574,-48.9228
-184.8909,3.0704,-49.9497
-183.8384,2.9863,-50.9913
-182.7961,2.9011,-52.0529
-181.7671,2.8115,-53.1328
-180.7680,2.7250,-54.2157
-179.7833,2.6421,-55.3134
-178.8127,2.5605,-56.4334
-177.8553,2.4781,-57.5728
-176.9202,2.3988,-58.7329
-176.0167,2.3217,-59.9423
-175.1251,2.2442,-61.1918
-174.2245,2.1677,-62.4750
-173.3040,2.0913,-63.7827
-172.3619,2.0147,-65.1127
-171.4618,1.9430,-66.3835
-170.5451,1.8722,-67.6812
-169.6078,1.8035,-68.9985
-168.6490,1.7365,-70.3255
-167.6502,1.6715,-71.6438
-166.5906,1.6069,-72.9174
-165.4610,1.5428,-74.1397
-164.2890,1.4779,-75.3268
-163.0927,1.4131,-76.5130
-161.8608,1.3490,-77.6832
-160.5989,1.2854,-78.8332
-159.2948,1.2245,-79.9641
-157.9667,1.1660,-81.0745
-156.6189,1.1096,-82.1633
-155.2464,1.0548,-83.2270
-153.8550,1.0007,-84.2701
-152.4381,0.9478,-85.2919
-150.9922,0.8968,-86.2879
-149.5281,0.8472,-87.2612
-148.0458,0.7986,-88.2079
-146.5458,0.7500,-89.1294
-145.0146,0.7020,-90.0223
-143.4586,0.6553,-90.8891
-141.8788,0.6101,-91.7254
-140.2683,0.5677,-92.5303
-138.6330,0.5280,-93.2923
-136.9820,0.4901,-94.0061
-135.3142,0.4531,-94.6738
-133.6275,0.4172,-95.3098
-131.9206,0.3829,-95.9085
-130.3250,0.3518,-96.4320
-128.7136,0.3224,-96.9264
-127.0895,0.2943,-97.3817
-125.4566,0.2680,-97.8110
-123.8118,0.2435,-98.2088
-122.1551,0.2211,-98.5701
-120.4958,0.2004,-98.9061
-118.8339,0.1809,-99.2168
-117.1548,0.1633,-99.4963
-115.4760,0.1469,-99.7501
-113.7951,0.1316,-99.9747
-112.0991,0.1175,-100.1637
-110.3937,0.1048,-100.3209
-108.6856,0.0936,-100.4349
-106.9744,0.0832,-100.4990
-105.2436,0.0756,-100.5257
-103.5175,0.0702,-100.5118
-101.8027,0.0662,-100.4612
-100.0835,0.0641,-100.3708
-98.3774,0.0619,-100.2524
-96.6673,0.0611,-100.1013
-94.9885,0.0591,-99.9109
-93.2938,0.0579,-99.6924
-91.5875,0.0592,-99.4351
-89.8867,0.0643,-99.1518
-88.2020,0.0727,-98.8444
-86.5193,0.0847,-98.4979
-84.8588,0.0989,-98.1244
-83.2240,0.1138,-97.7209
-81.6057,0.1282,-97.2767
-79.9837,0.1433,-96.8000
-78.3695,0.1602,-96.2744
-76.7826,0.1776,-95.7208
-75.2035,0.1956,-95.1403
-73.6334,0.2135,-94.5290
-72.0698,0.2323,-93.8911
-70.5288,0.2511,-93.2278
-68.9933,0.2704,-92.5306
-67.4628,0.2910,-91.8062
-65.9385,0.3149,-91.0463
-64.4254,0.3430,-90.2504
-62.9309,0.3754,-89.4156
-61.4574,0.4112,-88.5609
-60.0010,0.4494,-87.6801
-58.5694,0.4888,-86.7658
-57.1544,0.5288,-85.8262
-55.7575,0.5689,-84.8557
-54.3789,0.6094,-83.8464
-53.0125,0.6511,-82.8099
-51.6658,0.6938,-81.7421
-50.3420,0.7376,-80.6366
-49.0345,0.7824,-79.5062
-47.7396,0.8298,-78.3480
-46.4764,0.8776,-77.1639
-45.2300,0.9267,-75.9534
-44.1035,0.9710,-74.8140
-43.0035,1.0147,-73.6454
-41.9191,1.0571,-72.4653
-40.8637,1.0983,-71.2516
-39.8299,1.1384,-70.0154
-38.8043,1.1782,-68.7707
-37.7733,1.2183,-67.5359
-36.7392,1.2583,-66.3110
-35.7072,1.2980,-65.0884
-34.6852,1.3367,-63.8598
-33.6955,1.3747,-62.5984
-32.7287,1.4110,-61.3192
-31.7603,1.4451,-60.0446
-30.7549,1.4770,-58.8094
-29.7389,1.5078,-57.5912
-28.7352,1.5390,-56.3699
-27.7624,1.5715,-55.1252
-26.8309,1.6055,-53.8470
-25.9144,1.6386,-52.5619
-24.9807,1.6724,-51.2969
-24.0396,1.7060,-50.0403
-23.0853,1.7400,-48.7937
-22.1236,1.7742,-47.5479
-21.1514,1.8087,-46.3054
-20.1601,1.8439,-45.0743
-19.1622,1.8789,-43.8431
-18.1419,1.9129,-42.6271
-17.1166,1.9458,-41.4111
-16.0700,1.9779,-40.2094
-15.0179,2.0100,-39.0079
-13.9443,2.0412,-37.8215
-12.8660,2.0731,-36.6350
-11.7667,2.1075,-35.4642
-10.6614,2.1423,-34.2933
-9.5348,2.1761,-33.1373
-8.4007,2.2070,-31.9830
-7.2525,2.2352,-30.8385
-6.0827,2.2617,-29.7104
-4.9086,2.2893,-28.5846
-3.8176,2.3165,-27.5649
-2.7221,2.3434,-26.5448
-1.6116,2.3690,-25.5348
-0.4985,2.3920,-24.5217
0.6265,2.4143,-23.5172
1.7554,2.4374,-22.5124
2.9059,2.4604,-21.5263
4.0666,2.4822,-20.5454
5.2477,2.5022,-19.5825
6.4346,2.5210,-18.6219
7.6339,2.5409,-17.6727
8.8386,2.5613,-16.7251
10.0574,2.5814,-15.7902
11.2831,2.6003,-14.8591
12.5236,2.6181,-13.9427
13.7709,2.6347,-13.0308
15.0302,2.6499,-12.1309
16.2937,2.6646,-11.2352
17.5681,2.6794,-10.3517
18.8485,2.6941,-9.4725
20.1419,2.7076,-8.6058
21.4411,2.7200,-7.7434
22.7535,2.7330,-6.8961
24.0726,2.7488,-6.0561
25.4068,2.7667,-5.2306
26.7489,2.7845,-4.4093
28.1054,2.8000,-3.6008
29.4681,2.8140,-2.7977
30.8435,2.8284,-2.0097
32.2249,2.8438,-1.2284
33.6186,2.8589,-0.4614
35.0201,2.8725,0.2998
36.4332,2.8850,1.0465
37.8527,2.8964,1.7851
39.2821,2.9075,2.5071
40.7173,2.9186,3.2191
42.1613,2.9296,3.9177
43.6109,2.9409,4.6079
45.0692,2.9521,5.2858
46.5333,2.9634,5.9549
48.0092,2.9746,6.6043
49.4921,2.9861,7.2417
50.9762,2.9976,7.8787
52.4527,3.0090,8.5343
53.9282,3.0197,9.1979
55.2730,3.0289,9.7942
56.6255,3.0377,10.3813
57.9856,3.0462,10.9541
59.3498,3.0546,11.5195
60.7177,3.0629,12.0800
62.0917,3.0713,12.6291
63.4708,3.0796,13.1708
64.8552,3.0873,13.7068
66.2381,3.0946,14.2479
67.6136,3.1025,14.8002
68.9961,3.1119,15.3327
70.4058,3.1226,15.8042
71.8396,3.1333,16.2326
73.2967,3.1426,16.6118
74.7560,3.1504,16.9772
76.2104,3.1579,17.3407
77.6642,3.1662,17.6896
79.1215,3.1748,18.0299
80.5786,3.1848,18.3557
82.0373,3.1955,18.6774
83.4995,3.2073,18.9837
84.9648,3.2199,19.2800
86.4363,3.2335,19.5427
87.9080,3.2490,19.7861
89.3805,3.2666,20.0190
90.8568,3.2858,20.2427
92.3344,3.3064,20.4620
93.8137,3.3283,20.6746
95.2972,3.3513,20.8729
96.7838,3.3752,21.0609
98.2761,3.3997,21.2326
99.7729,3.4242,21.3960
101.2742,3.4484,21.5445
102.7768,3.4726,21.6846
104.2798,3.4970,21.8090
105.7830,3.5220,21.9276
107.2883,3.5476,22.0350
108.7962,3.5738,22.1380
110.3055,3.6010,22.2281
111.8172,3.6297,22.3100
113.3324,3.6598,22.3839
114.8544,3.6909,22.4479
116.3797,3.7229,22.5118
117.9092,3.7560,22.5758
119.4429,3.7907,22.6396
120.9818,3.8274,22.7001
122.5283,3.8660,22.7606
124.0844,3.9057,22.8168
125.6519,3.9456,22.8743
127.2258,3.9858,22.9331
128.8085,4.0261,22.9916
130.3979,4.0664,23.0521
131.9958,4.1061,23.1124
133.6002,4.1451,23.1753
135.2029,4.1843,23.2385
136.8036,4.2246,23.2996
138.4016,4.2663,23.3622
139.9970,4.3107,23.4228
141.5922,4.3579,23.4851
143.1888,4.4077,23.5456
144.7903,4.4594,23.6085
146.3994,4.5118,23.6718
148.0148,4.5634,23.7335
149.6306,4.6144,23.7971
151.2464,4.6657,23.8608
152.8631,4.7177,23.9226
154.4810,4.7713,23.9866
156.1006,4.8273,24.0483
157.7249,4.8856,24.1123
159.3539,4.9452,24.1744
160.9866,5.0048,24.2388
162.6219,5.0637,24.3012
164.2589,5.1213,24.3659
165.8959,5.1778,24.4286
167.5339,5.2348,24.4936
169.1749,5.2928,24.5568
170.8153,5.3533,24.6225
172.4566,5.4166,24.6858
174.0993,5.4823,24.7519
175.5807,5.5433,24.8094
177.0672,5.6055,24.8672
178.5544,5.6699,24.9282
180.0419,5.7377,24.9869
181.5296,5.8091,25.0486
183.0221,5.8838,25.1078
184.5216,5.9603,25.1675
186.0272,6.0361,25.2309
187.5354,6.1087,25.2919
189.0404,6.1770,25.3562
190.5411,6.2419,25.4174
192.0374,6.3055,25.4788
193.5279,6.3697,25.5429
195.0166,6.4355,25.6044
196.5049,6.5033,25.6688
197.9944,6.5729,25.7305
199.4898,6.6435,25.7951
200.9849,6.7157,25.8574
202.4819,6.7902,25.9226
203.9871,6.8658,25.9853
205.4953,6.9423,26.0509
207.0133,7.0182,26.1142
208.5352,7.0935,26.1804
210.0629,7.1674,26.2440
211.5931,7.2402,26.3109
213.1268,7.3122,26.3749
214.6642,7.3838,26.4390
216.2053,7.4555,26.5063
217.7493,7.5278,26.5706
219.2948,7.6006,26.6349
220.8414,7.6733,26.7025
222.3890,7.7455,26.7670
223.9376,7.8166,26.8347
225.4873,7.8865,26.8994
227.0381,7.9548,26.9675
228.5912,8.0214,27.0327
230.1460,8.0862,27.1011
231.7030,8.1498,27.1668
233.2616,8.2128,27.2354
234.8222,8.2764,27.3012
236.3838,8.3410,27.3695
237.9465,8.4067,27.4352
239.5090,8.4730,27.5006
241.0705,8.5393,27.5685
242.6309,8.6055,27.6334
244.1912,8.6712,27.7008
245.7515,8.7366,27.7653
247.3130,8.8016,27.8325
248.8758,8.8655,27.8969
250.4398,8.9284,27.9614
252.0045,8.9903,28.0285
253.5706,9.0511,28.0931
255.1374,9.1111,28.1605
256.7061,9.1699,28.2255
258.2751,9.2278,28.2903
259.8450,9.2849,28.3574
261.4165,9.3412,28.4219
262.9894,9.3971,28.4885
264.5634,9.4524,28.5549
266.1386,9.5072,28.6191
267.7144,9.5612,28.6852
269.2911,9.6146,28.7493
270.8674,9.6676,28.8153
272.4433,9.7208,28.8792
274.0208,9.7736,28.9453
275.6004,9.8256,29.0098
277.1810,9.8763,29.0767
278.7621,9.9259,29.1415
280.3429,9.9752,29.2083
281.9248,10.0246,29.2727
283.5071,10.0744,29.3372
285.0900,10.1238,29.4034
286.6773,10.1711,29.4677
288.2654,10.2153,29.5336
289.8538,10.2559,29.5980
291.4384,10.2947,29.6640
293.0204,10.3332,29.7299
294.6010,10.3726,29.7941
296.1810,10.4139,29.8602
297.7673,10.4561,29.9249
299.3580,10.4978,29.9901
300.9515,10.5370,30.0571
302.5446,10.5734,30.1225
304.1380,10.6076,30.1896
305.7322,10.6408,30.2549
307.3275,10.6738,30.3217
308.9223,10.7087,30.3867
310.5209,10.7453,30.4531
312.1221,10.7840,30.5181
313.7308,10.8230,30.5846
315.3446,10.8618,30.6514
316.9625,10.8990,30.7173
318.5817,10.9346,30.7847
320.2010,10.9672,30.8510
321.8216,10.9961,30.9190
323.4443,11.0211,30.9857
325.0697,11.0431,31.0541
326.6978,11.0641,31.1212
328.3263,11.0859,31.1894
329.9543,11.1090,31.2563
331.5808,11.1334,31.3241
333.2062,11.1592,31.3916
334.8338,11.1853,31.4581
336.4628,11.2109,31.5256
338.0937,11.2345,31.5923
339.7264,11.2557,31.6602
341.3612,11.2751,31.7272
342.9977,11.2946,31.7952
344.6366,11.3156,31.8621
346.2774,11.3386,31.9299
347.9209,11.3636,31.9965
349.5660,11.3896,32.0638
351.2140,11.4159,32.1303
352.8661,11.4412,32.1978
354.5226,11.4651,32.2648
356.1816,11.4867,32.3333
357.8418,11.5058,32.4011
359.5022,11.5218,32.4702
361.1649,11.5357,32.5387
362.8295,11.5476,32.6085
364.4953,11.5585,32.6773
366.1617,11.5689,32.7467
367.8297,11.5801,32.8156
369.4991,11.5929,32.8839
371.1687,11.6076,32.9524
372.8379,11.6236,33.0204
374.5064,11.6395,33.0886
376.1753,11.6536,33.1567
377.8443,11.6645,33.2257
379.5150,11.6724,33.2946
381.1877,11.6779,33.3641
382.8618,11.6821,33.4335
384.5373,11.6858,33.5033
386.2141,11.6901,33.5728
387.8932,11.6949,33.6420
389.5725,11.6996,33.7112
391.2541,11.7022,33.7806
392.9382,11.7025,33.8501
394.6244,11.7014,33.9197
396.3116,11.7002,33.9893
397.9995,11.6998,34.0591
399.6892,11.7004,34.1291
401.1938,11.7019,34.1913
402.6997,11.7040,34.2536
404.2065,11.7062,34.3158
405.7140,11.7080,34.3782
407.2238,11.7090,34.4406
408.7354,11.7091,34.5030
410.2486,11.7083,34.5653
411.7624,11.7062,34.6279
413.2773,11.7031,34.6904
414.7936,11.6992,34.7528
416.3121,11.6955,34.8153
417.8308,11.6918,34.8778
419.3500,11.6881,34.9400
420.8692,11.6836,35.0021
422.3884,11.6776,35.0643
423.9045,11.6705,35.1263
425.4134,11.6627,35.1877
427.0994,11.6547,35.2559
428.7738,11.6480,35.3240
430.4378,11.6412,35.3911
432.0913,11.6326,35.4575
433.7319,11.6212,35.5241
435.3603,11.6076,35.5895
436.9772,11.5925,35.6551
438.5839,11.5762,35.7197
440.1794,11.5593,35.7845
441.7629,11.5428,35.8482
443.3348,11.5276,35.9120
444.8958,11.5140,35.9745
446.4456,11.5017,36.0370
447.9846,11.4906,36.0984
449.5135,11.4800,36.1599
451.0323,11.4692,36.2213
452.5422,11.4571,36.2815
454.2085,11.4417,36.3491
455.8615,11.4244,36.4153
457.5021,11.4054,36.4819
459.1297,11.3854,36.5473
460.7449,11.3654,36.6133
462.3483,11.3460,36.6783
463.9410,11.3269,36.7439
465.5210,11.3085,36.8082
467.0906,11.2893,36.8735
468.6495,11.2688,36.9375
470.1965,11.2464,37.0026
471.7303,11.2224,37.0675
473.2520,11.1972,37.1313
474.7624,11.1709,37.1960
476.2576,11.1451,37.2594
477.8878,11.1168,37.3302
479.5011,11.0893,37.3994
481.1017,11.0622,37.4695
482.6894,11.0348,37.5380
484.2653,11.0069,37.6077
485.8249,10.9790,37.6755
487.3732,10.9503,37.7440
488.9054,10.9219,37.8107
490.4270,10.8927,37.8782
491.9319,10.8636,37.9437
493.4203,10.8346,38.0100
495.0309,10.8026,38.0809
496.6278,10.7694,38.1520
498.2111,10.7354,38.2208
499.7849,10.7000,38.2897
501.3412,10.6660,38.3576
502.8893,10.6325,38.4228
504.4242,10.6004,38.4884
505.9544,10.5675,38.5515
507.4721,10.5346,38.6155
508.9773,10.5018,38.6772
510.4708,10.4677,38.7401
511.9472,10.4327,38.8003
513.4152,10.3952,38.8618
514.9899,10.3531,38.9257
516.5475,10.3092,38.9911
518.0809,10.2652,39.0557
519.5966,10.2211,39.1182
521.0969,10.1776,39.1825
522.5857,10.1339,39.2449
524.0590,10.0897,39.3094
525.5197,10.0443,39.3724
526.9646,9.9979,39.4379
528.3950,9.9504,39.5021
529.8087,9.9026,39.5695
531.2090,9.8544,39.6359
532.7097,9.8023,39.7108
534.2000,9.7495,39.7857
535.6898,9.6954,39.8657
537.1810,9.6398,39.9437
538.6767,9.5829,40.0200
540.1783,9.5248,40.0964
541.6899,9.4643,40.1679
543.2048,9.4009,40.2201
544.7192,9.3357,40.2584
546.2344,9.2701,40.2951
547.7460,9.2045,40.2900
549.2476,9.1400,40.2301
550.7395,9.0761,40.1019
552.2247,9.0122,39.9191
553.7072,8.9475,39.7004
555.1951,8.8818,39.4784
556.6881,8.8157,39.2524
558.1830,8.7492,39.0073
559.6669,8.6829,38.7118
561.1441,8.6156,38.3716
562.6160,8.5466,37.9908
564.0806,8.4752,37.5728
565.5388,8.4013,37.1248
566.9897,8.3255,36.6437
568.4341,8.2491,36.1287
569.8729,8.1723,35.5788
571.3054,8.0966,34.9949
572.7305,8.0239,34.3764
574.1440,7.9553,33.7164
575.5447,7.8887,33.0113
576.9288,7.8220,32.2631
578.2984,7.7559,31.4846
579.6478,7.6891,30.6681
580.9885,7.6208,29.8307
582.3032,7.5522,28.9505
583.5962,7.4830,28.0336
584.8497,7.4115,27.0577
586.0850,7.3361,26.0536
587.2932,7.2571,25.0142
588.4896,7.1758,23.9608
589.6756,7.0933,22.8945
590.8339,7.0110,21.7969
591.8939,6.9369,20.7640
592.9307,6.8664,19.7051
593.9524,6.7977,18.6265
594.9554,6.7287,17.5227
595.9312,6.6573,16.3863
596.8898,6.5836,15.2335
597.8156,6.5100,14.0530
598.7197,6.4376,12.8552
599.5941,6.3657,11.6307
600.4435,6.2935,10.3834
601.2590,6.2194,9.1098
602.0385,6.1452,7.8196
602.7839,6.0718,6.5118
603.4996,5.9995,5.1869
604.1912,5.9273,3.8477
604.8500,5.8538,2.4893
605.4706,5.7805,1.1159
606.0521,5.7072,-0.2787
606.5923,5.6330,-1.6976
607.1047,5.5588,-3.1245
607.5988,5.4851,-4.5561
608.0775,5.4114,-5.9952
608.5423,5.3373,-7.4424
609.0002,5.2615,-8.8980
609.4555,5.1847,-10.3559
609.9152,5.1065,-11.8143
610.3824,5.0258,-13.2773
610.8476,4.9420,-14.7495
611.3201,4.8556,-16.2244
611.7877,4.7678,-17.7050
612.2606,4.6792,-19.1843
612.7371,4.5907,-20.6709
613.2184,4.5026,-22.1710
613.6611,4.4219,-23.5690
614.1149,4.3406,-24.9801
614.5734,4.2573,-26.4036
615.0357,4.1712,-27.8374
615.5029,4.0821,-29.2829
615.9676,3.9914,-30.7383
616.4389,3.9011,-32.1979
616.9122,3.8118,-33.6626
617.3826,3.7225,-35.1351
617.8599,3.6316,-36.6109
618.3349,3.5385,-38.0929
618.8160,3.4434,-39.5806
619.2987,3.3468,-41.0754
619.7792,3.2486,-42.5779
620.2651,3.1489,-44.0859
620.7481,3.0486,-45.5991
621.2349,2.9479,-47.1172
621.7185,2.8457,-48.6424
622.2009,2.7406,-50.1736
622.6724,2.6330,-51.7121
623.1453,2.5248,-53.2529
623.6201,2.4174,-54.7959
624.1053,2.3113,-56.3397
624.6009,2.2063,-57.8816
625.0945,2.1012,-59.4299
625.5496,2.0039,-60.8533
626.0074,1.9054,-62.2812
626.4620,1.8059,-63.7131
626.9196,1.7056,-65.1469
627.3752,1.6044,-66.5880
627.8344,1.5022,-68.0304
628.2917,1.3982,-69.4816
628.7524,1.2928,-70.9315
629.2090,1.1862,-72.3843
629.6686,1.0799,-73.8350
630.1230,0.9740,-75.2866
630.5832,0.8673,-76.7400
631.0444,0.7582,-78.1985
631.5038,0.6451,-79.6635
631.9648,0.5303,-81.1181
632.4161,0.4158,-82.5605
632.8665,0.3035,-83.9841
633.3116,0.1922,-85.3908
633.7915,0.0704,-86.9196
634.2663,-0.0506,-88.4315
634.7375,-0.1686,-89.9152
635.1931,-0.2811,-91.3700
635.6455,-0.3877,-92.7950
636.0867,-0.4899,-94.2060
636.5699,-0.5999,-95.7264
637.0453,-0.7143,-97.2405
637.5208,-0.8325,-98.7350
637.9844,-0.9504,-100.2099
638.4444,-1.0645,-101.6517
638.8873,-1.1744,-103.0605
639.3635,-1.2888,-104.5517
639.8271,-1.4010,-106.0219
640.2906,-1.5111,-107.4680
640.7396,-1.6191,-108.8894
641.2166,-1.7323,-110.3761
641.6729,-1.8415,-111.8240
642.1263,-1.9498,-113.2376
642.6024,-2.0672,-114.7183
643.0602,-2.1868,-116.1643
643.5143,-2.3075,-117.5693
643.9426,-2.4270,-118.9119
644.3834,-2.5506,-120.2594
644.8120,-2.6712,-121.5545
645.2286,-2.7917,-122.8217
645.6543,-2.9151,-124.0853
646.0761,-3.0385,-125.3504
646.5085,-3.1618,-126.6236
646.9374,-3.2841,-127.8975
647.3743,-3.4069,-129.1737
647.8429,-3.5379,-130.5325
648.3047,-3.6701,-131.8844
648.7771,-3.8027,-133.2308
649.2550,-3.9346,-134.5739
649.7342,-4.0659,-135.9271
650.1872,-4.1956,-137.2936
650.5957,-4.3235,-138.6868
650.9772,-4.4500,-140.1077
651.3308,-4.5753,-141.5549
651.6668,-4.6990,-143.0311
651.9874,-4.8216,-144.5454
652.2673,-4.9457,-146.1028
652.4449,-5.0671,-147.5999
652.5586,-5.1963,-149.1228
652.6375,-5.3355,-150.6646
652.6045,-5.4787,-152.1934
652.4166,-5.6205,-153.7024
652.0672,-5.7596,-155.1868
651.5522,-5.8992,-156.6374
650.9219,-6.0394,-158.0564
650.2166,-6.1577,-159.3416
649.3655,-6.2570,-160.5644
648.4350,-6.3419,-161.7526
647.4617,-6.4224,-162.9248
646.4767,-6.4909,-164.0848
645.4472,-6.5471,-165.2297
644.3865,-6.5970,-166.3712
643.3031,-6.6453,-167.5159
642.2816,-6.6902,-168.5893
641.2286,-6.7352,-169.6449
640.1032,-6.7802,-170.6514
638.9199,-6.8246,-171.6151
637.6957,-6.8694,-172.5450
636.4493,-6.9148,-173.4492
635.2109,-6.9611,-174.3472
633.9747,-7.0081,-175.2398
632.7339,-7.0555,-176.1162
631.4932,-7.1032,-176.9860
630.2524,-7.1508,-177.8458
629.0985,-7.1950,-178.6431
627.9414,-7.2387,-179.4392
626.7802,-7.2812,-180.2270
625.6117,-7.3229,-181.0115
624.4376,-7.3638,-181.7934
623.2543,-7.4041,-182.5728
622.0623,-7.4438,-183.3485
620.8584,-7.4836,-184.1245
619.6403,-7.5242,-184.9020
618.4086,-7.5656,-185.6729
617.1625,-7.6084,-186.4397
615.9113,-7.6511,-187.1958
614.6420,-7.6944,-187.9450
613.4591,-7.7349,-188.6277
612.2560,-7.7760,-189.3083
611.0308,-7.8170,-189.9750
609.7949,-7.8575,-190.6323
608.5370,-7.8980,-191.2977
607.2774,-7.9393,-191.9592
606.0067,-7.9816,-192.6189
604.7272,-8.0246,-193.2746
603.4445,-8.0670,-193.9287
602.1564,-8.1077,-194.5796
600.8602,-8.1468,-195.2309
599.5536,-8.1834,-195.8828
598.2359,-8.2168,-196.5377
596.9041,-8.2480,-197.1966
595.5603,-8.2777,-197.8566
594.2032,-8.3062,-198.5216
592.8370,-8.3327,-199.1874
591.4577,-8.3592,-199.8562
590.1805,-8.3837,-200.4699
588.8903,-8.4094,-201.0849
587.5973,-8.4357,-201.6944
586.2969,-8.4620,-202.3003
584.9933,-8.4886,-202.8986
583.6877,-8.5146,-203.4908
582.3739,-8.5402,-204.0806
581.0501,-8.5650,-204.6701
579.7115,-8.5897,-205.2623
578.3613,-8.6149,-205.8565
577.0023,-8.6409,-206.4490
575.6413,-8.6678,-207.0405
574.2821,-8.6952,-207.6282
572.9232,-8.7225,-208.2102
571.5622,-8.7496,-208.7906
570.2032,-8.7772,-209.3683
568.8348,-8.8048,-209.9472
567.4550,-8.8317,-210.5289
566.0659,-8.8564,-211.1106
564.6589,-8.8795,-211.6956
563.2361,-8.9014,-212.2833
561.7981,-8.9230,-212.8759
560.3509,-8.9456,-213.4719
558.9011,-8.9690,-214.0676
557.4500,-8.9925,-214.6636
555.9949,-9.0162,-215.2610
554.5364,-9.0406,-215.8595
553.0783,-9.0666,-216.4585
551.6197,-9.0932,-217.0453
550.1602,-9.1197,-217.6249
548.6960,-9.1456,-218.1958
547.2230,-9.1708,-218.7598
545.8681,-9.1928,-219.2708
544.5027,-9.2131,-219.7770
543.1289,-9.2321,-220.2799
541.7441,-9.2507,-220.7795
540.3472,-9.2693,-221.2762
538.9406,-9.2888,-221.7702
537.5267,-9.3090,-222.2595
536.1052,-9.3304,-222.7442
534.6791,-9.3525,-223.2238
533.2469,-9.3746,-223.6991
531.8095,-9.3963,-224.1706
530.3663,-9.4178,-224.6381
528.9171,-9.4392,-225.1031
527.4620,-9.4610,-225.5648
525.9988,-9.4832,-226.0234
524.5286,-9.5061,-226.4807
523.0522,-9.5298,-226.9332
521.5700,-9.5543,-227.3828
520.0810,-9.5791,-227.8300
518.5851,-9.6033,-228.2755
517.0818,-9.6271,-228.7181
515.5735,-9.6507,-229.1600
514.0588,-9.6743,-229.5987
512.5391,-9.6981,-230.0379
511.0130,-9.7219,-230.4776
509.4821,-9.7460,-230.9212
507.9466,-9.7708,-231.3658
506.4072,-9.7962,-231.8118
504.8630,-9.8219,-232.2589
503.3150,-9.8477,-232.7061
501.7622,-9.8738,-233.1546
500.2054,-9.8998,-233.6060
498.6454,-9.9253,-234.0586
497.0827,-9.9502,-234.5136
495.5163,-9.9745,-234.9697
493.9460,-9.9981,-235.4266
492.3714,-10.0209,-235.8845
490.7924,-10.0434,-236.3461
489.3529,-10.0643,-236.7653
487.9088,-10.0862,-237.1870
486.4615,-10.1092,-237.6088
485.0109,-10.1323,-238.0330
483.5561,-10.1560,-238.4585
482.0972,-10.1801,-238.8848
480.6337,-10.2047,-239.3132
479.1662,-10.2292,-239.7422
477.6942,-10.2534,-240.1727
476.2177,-10.2773,-240.6040
474.7376,-10.3005,-241.0379
473.2538,-10.3232,-241.4712
471.7671,-10.3450,-241.9072
470.2762,-10.3665,-242.3426
468.7821,-10.3878,-242.7801
467.2851,-10.4093,-243.2177
465.7857,-10.4310,-243.6570
464.2831,-10.4530,-244.0967
462.7775,-10.4757,-244.5379
461.2683,-10.4994,-244.9799
459.7571,-10.5239,-245.4220
458.2443,-10.5480,-245.8643
456.7291,-10.5709,-246.3076
455.2115,-10.5925,-246.7519
453.6920,-10.6129,-247.1963
452.1720,-10.6333,-247.6400
450.6515,-10.6540,-248.0856
449.1295,-10.6758,-248.5292
447.6053,-10.6986,-248.9749
446.0783,-10.7221,-249.4213
444.5483,-10.7456,-249.8675
443.0143,-10.7689,-250.3156
441.4789,-10.7917,-250.7633
439.9418,-10.8143,-251.2116
438.4031,-10.8364,-251.6600
436.8621,-10.8583,-252.1097
435.3181,-10.8801,-252.5603
433.7712,-10.9019,-253.0114
432.2218,-10.9237,-253.4634
430.6704,-10.9458,-253.9159
429.1167,-10.9683,-254.3686
427.5598,-10.9916,-254.8224
426.0003,-11.0153,-255.2782
424.4370,-11.0394,-255.7335
422.8716,-11.0637,-256.1904
421.3049,-11.0883,-256.6465
419.7361,-11.1129,-257.1047
418.1655,-11.1372,-257.5625
416.5923,-11.1610,-258.0219
415.0157,-11.1842,-258.4811
413.4373,-11.2071,-258.9424
411.8566,-11.2298,-259.4027
410.2743,-11.2526,-259.8647
408.6895,-11.2761,-260.3285
407.1016,-11.3002,-260.7914
405.5111,-11.3246,-261.2558
403.9179,-11.3485,-261.7212
402.3230,-11.3719,-262.1862
400.7262,-11.3943,-262.6518
399.1269,-11.4158,-263.1181
397.6849,-11.4344,-263.5390
396.2402,-11.4526,-263.9592
394.7942,-11.4706,-264.3813
393.3466,-11.4884,-264.8031
391.8969,-11.5064,-265.2260
390.4461,-11.5244,-265.6504
388.9922,-11.5423,-266.0743
387.5365,-11.5598,-266.4990
386.0789,-11.5767,-266.9239
384.6228,-11.5928,-267.3493
383.1680,-11.6080,-267.7740
381.7135,-11.6216,-268.1980
380.2585,-11.6332,-268.6229
378.8031,-11.6424,-269.0467
377.3468,-11.6497,-269.4720
375.8888,-11.6559,-269.8966
374.4306,-11.6621,-270.3232
372.9701,-11.6689,-270.7486
371.5088,-11.6763,-271.1751
370.0459,-11.6838,-271.6020
368.5819,-11.6913,-272.0283
367.1168,-11.6987,-272.4563
365.6508,-11.7059,-272.8842
364.1838,-11.7128,-273.3123
362.7153,-11.7195,-273.7412
361.2459,-11.7255,-274.1708
359.7748,-11.7305,-274.5993
358.3018,-11.7340,-275.0296
356.8277,-11.7361,-275.4595
355.3512,-11.7373,-275.8906
353.8717,-11.7381,-276.3217
352.3909,-11.7390,-276.7547
350.9084,-11.7397,-277.1873
349.4240,-11.7397,-277.6189
347.9372,-11.7390,-278.0519
346.4494,-11.7376,-278.4856
344.9592,-11.7362,-278.9196
343.4679,-11.7352,-279.3542
341.9742,-11.7350,-279.7886
340.4786,-11.7359,-280.2244
338.9816,-11.7376,-280.6604
337.4837,-11.7394,-281.0975
335.9837,-11.7410,-281.5340
334.4817,-11.7425,-281.9714
332.9774,-11.7441,-282.4088
331.4716,-11.7457,-282.8482
329.9646,-11.7469,-283.2864
328.4572,-11.7476,-283.7261
326.9470,-11.7478,-284.1654
325.4358,-11.7474,-284.6058
323.9229,-11.7465,-285.0464
322.4090,-11.7457,-285.4874
320.8933,-11.7448,-285.9277
319.3739,-11.7451,-286.3702
317.8532,-11.7462,-286.8132
316.3307,-11.7481,-287.2557
314.8077,-11.7498,-287.6995
313.2838,-11.7505,-288.1421
311.7577,-11.7503,-288.5866
310.2290,-11.7496,-289.0313
308.6975,-11.7492,-289.4760
307.1648,-11.7499,-289.9218
305.6312,-11.7517,-290.3682
304.0968,-11.7544,-290.8141
302.5611,-11.7577,-291.2606
301.0244,-11.7610,-291.7078
299.4862,-11.7633,-292.1554
297.9468,-11.7644,-292.6030
296.4063,-11.7642,-293.0515
294.8641,-11.7636,-293.5002
293.3214,-11.7627,-293.9486
291.7769,-11.7614,-294.3984
290.2302,-11.7594,-294.8481
288.6837,-11.7567,-295.2986
287.1338,-11.7537,-295.7502
285.5833,-11.7509,-296.2009
284.0305,-11.7486,-296.6524
282.4760,-11.7469,-297.1047
280.9199,-11.7460,-297.5572
279.3627,-11.7460,-298.0093
277.8044,-11.7472,-298.4636
276.2439,-11.7497,-298.9172
274.6811,-11.7535,-299.3723
273.1177,-11.7582,-299.8282
271.5532,-11.7625,-300.2838
269.9884,-11.7653,-300.7396
268.4222,-11.7660,-301.1954
266.8944,-11.7644,-301.6404
265.3855,-11.7623,-302.0798
263.8675,-11.7603,-302.5212
262.3553,-11.7585,-302.9613
260.8500,-11.7568,-303.3997
259.3297,-11.7555,-303.8419
257.8153,-11.7546,-304.2829
256.2995,-11.7539,-304.7239
254.7826,-11.7536,-305.1643
253.2708,-11.7535,-305.6047
251.7442,-11.7536,-306.0485
250.2239,-11.7537,-306.4904
248.7089,-11.7538,-306.9306
247.1792,-11.7538,-307.3759
245.6591,-11.7535,-307.8184
244.1448,-11.7528,-308.2584
242.6244,-11.7516,-308.7012
241.0937,-11.7499,-309.1463
239.5662,-11.7477,-309.5905
238.0373,-11.7449,-310.0357
236.4873,-11.7417,-310.4862
234.9185,-11.7382,-310.9425
233.3405,-11.7344,-311.4009
231.7620,-11.7305,-311.8599
